-- MySQL dump 10.13  Distrib 5.5.62, for Win64 (AMD64)
--
-- Host: 35.227.112.152    Database: housing_projects_db
-- ------------------------------------------------------
-- Server version	5.7.37-google-log

/*!40101 SET @OLD_CHARACTER_SET_CLIENT=@@CHARACTER_SET_CLIENT */;
/*!40101 SET @OLD_CHARACTER_SET_RESULTS=@@CHARACTER_SET_RESULTS */;
/*!40101 SET @OLD_COLLATION_CONNECTION=@@COLLATION_CONNECTION */;
/*!40101 SET NAMES utf8 */;
/*!40103 SET @OLD_TIME_ZONE=@@TIME_ZONE */;
/*!40103 SET TIME_ZONE='+00:00' */;
/*!40014 SET @OLD_UNIQUE_CHECKS=@@UNIQUE_CHECKS, UNIQUE_CHECKS=0 */;
/*!40014 SET @OLD_FOREIGN_KEY_CHECKS=@@FOREIGN_KEY_CHECKS, FOREIGN_KEY_CHECKS=0 */;
/*!40101 SET @OLD_SQL_MODE=@@SQL_MODE, SQL_MODE='NO_AUTO_VALUE_ON_ZERO' */;
/*!40111 SET @OLD_SQL_NOTES=@@SQL_NOTES, SQL_NOTES=0 */;

--
-- Table structure for table `departments`
--

DROP TABLE IF EXISTS `departments`;
/*!40101 SET @saved_cs_client     = @@character_set_client */;
/*!40101 SET character_set_client = utf8 */;
CREATE TABLE `departments` (
  `id` int(10) unsigned NOT NULL AUTO_INCREMENT,
  `dane_code` varchar(45) NOT NULL,
  `name` varchar(45) NOT NULL,
  `created_date` timestamp NOT NULL DEFAULT CURRENT_TIMESTAMP,
  `updated_date` timestamp NOT NULL DEFAULT CURRENT_TIMESTAMP,
  PRIMARY KEY (`id`)
) ENGINE=InnoDB AUTO_INCREMENT=43 DEFAULT CHARSET=utf8mb4;
/*!40101 SET character_set_client = @saved_cs_client */;

--
-- Dumping data for table `departments`
--

LOCK TABLES `departments` WRITE;
/*!40000 ALTER TABLE `departments` DISABLE KEYS */;
INSERT INTO `departments` VALUES (10,'91','Amazonas','2022-08-06 00:57:22','2022-08-06 00:57:22'),(11,'5','Antioquia','2022-08-06 00:57:22','2022-08-06 00:57:22'),(12,'81','Arauca','2022-08-06 00:57:22','2022-08-06 00:57:22'),(13,'88','Archipiélago de San Andrés, Providencia y San','2022-08-06 00:57:22','2022-08-06 00:57:22'),(14,'8','Atlántico','2022-08-06 00:57:22','2022-08-06 00:57:22'),(15,'11','Bogotá D.C.','2022-08-06 00:57:22','2022-08-06 00:57:22'),(16,'13','Bolívar','2022-08-06 00:57:22','2022-08-06 00:57:22'),(17,'15','Boyacá','2022-08-06 00:57:22','2022-08-06 00:57:22'),(18,'17','Caldas','2022-08-06 00:57:22','2022-08-06 00:57:22'),(19,'18','Caquetá','2022-08-06 00:57:22','2022-08-06 00:57:22'),(20,'85','Casanare','2022-08-06 00:57:22','2022-08-06 00:57:22'),(21,'19','Cauca','2022-08-06 00:57:22','2022-08-06 00:57:22'),(22,'20','Cesar','2022-08-06 00:57:22','2022-08-06 00:57:22'),(23,'27','Chocó','2022-08-06 00:57:22','2022-08-06 00:57:22'),(24,'23','Córdoba','2022-08-06 00:57:22','2022-08-06 00:57:22'),(25,'25','Cundinamarca','2022-08-06 00:57:22','2022-08-06 00:57:22'),(26,'94','Guainía','2022-08-06 00:57:22','2022-08-06 00:57:22'),(27,'95','Guaviare','2022-08-06 00:57:22','2022-08-06 00:57:22'),(28,'41','Huila','2022-08-06 00:57:22','2022-08-06 00:57:22'),(29,'44','La Guajira','2022-08-06 00:57:22','2022-08-06 00:57:22'),(30,'47','Magdalena','2022-08-06 00:57:22','2022-08-06 00:57:22'),(31,'50','Meta','2022-08-06 00:57:22','2022-08-06 00:57:22'),(32,'52','Nariño','2022-08-06 00:57:22','2022-08-06 00:57:22'),(33,'54','Norte de Santander','2022-08-06 00:57:22','2022-08-06 00:57:22'),(34,'86','Putumayo','2022-08-06 00:57:22','2022-08-06 00:57:22'),(35,'63','Quindío','2022-08-06 00:57:22','2022-08-06 00:57:22'),(36,'66','Risaralda','2022-08-06 00:57:22','2022-08-06 00:57:22'),(37,'68','Santander','2022-08-06 00:57:22','2022-08-06 00:57:22'),(38,'70','Sucre','2022-08-06 00:57:22','2022-08-06 00:57:22'),(39,'73','Tolima','2022-08-06 00:57:22','2022-08-06 00:57:22'),(40,'76','Valle del Cauca','2022-08-06 00:57:22','2022-08-06 00:57:22'),(41,'97','Vaupés','2022-08-06 00:57:22','2022-08-06 00:57:22'),(42,'99','Vichada','2022-08-06 00:57:22','2022-08-06 00:57:22');
/*!40000 ALTER TABLE `departments` ENABLE KEYS */;
UNLOCK TABLES;

--
-- Table structure for table `housing_projects`
--

DROP TABLE IF EXISTS `housing_projects`;
/*!40101 SET @saved_cs_client     = @@character_set_client */;
/*!40101 SET character_set_client = utf8 */;
CREATE TABLE `housing_projects` (
  `id` int(10) unsigned NOT NULL AUTO_INCREMENT,
  `name` varchar(250) NOT NULL,
  `price` bigint(20) NOT NULL,
  `visibility_id` int(10) unsigned NOT NULL,
  `type_id` int(10) unsigned NOT NULL,
  `area` double NOT NULL,
  `in_condominium` tinyint(4) NOT NULL,
  `town_id` int(10) unsigned NOT NULL,
  `sales_room_address` varchar(250) NOT NULL,
  `sales_room_phone` varchar(45) NOT NULL,
  `project_address` varchar(250) NOT NULL,
  `created_date` timestamp NOT NULL DEFAULT CURRENT_TIMESTAMP,
  `updated_date` timestamp NOT NULL DEFAULT CURRENT_TIMESTAMP,
  PRIMARY KEY (`id`),
  KEY `fk-housing_projects-visibility_idx` (`visibility_id`),
  KEY `fk-housing_projects-types_idx` (`type_id`),
  KEY `fk-housing_projects-towns_idx` (`town_id`),
  CONSTRAINT `fk-housing_projects-towns` FOREIGN KEY (`town_id`) REFERENCES `towns` (`id`) ON DELETE NO ACTION ON UPDATE NO ACTION,
  CONSTRAINT `fk-housing_projects-types` FOREIGN KEY (`type_id`) REFERENCES `types` (`id`) ON DELETE NO ACTION ON UPDATE NO ACTION,
  CONSTRAINT `fk-housing_projects-visibility` FOREIGN KEY (`visibility_id`) REFERENCES `visibility` (`id`) ON DELETE NO ACTION ON UPDATE NO ACTION
) ENGINE=InnoDB AUTO_INCREMENT=5 DEFAULT CHARSET=utf8mb4;
/*!40101 SET character_set_client = @saved_cs_client */;

--
-- Dumping data for table `housing_projects`
--

LOCK TABLES `housing_projects` WRITE;
/*!40000 ALTER TABLE `housing_projects` DISABLE KEYS */;
INSERT INTO `housing_projects` VALUES (1,'Mira Vientos',1000000000,1,1,3000,1,2111,'Avenida Cañas Gordas KM 18','(602)3302891','Avenida Cañas Gordas KM 18','2022-08-06 01:00:18','2022-08-06 01:00:18'),(2,'Moak',250000000,2,2,80,1,2111,'Avenida Panamericana KM 15 ','(602)4405789','Avenida Panamericana KM 15','2022-08-06 19:24:58','2022-08-06 19:24:58'),(3,'Los Tulipanes',1488000,2,2,46.53,1,2091,'Calle 25 entre carreras 120 y 122','(602)6080707','Calle 25 121-25','2022-08-07 15:57:38','2022-08-07 15:57:38'),(4,'Entre cerros',2500000000,1,3,5000,1,2098,'KM 12 Vía Amaime','(602)2902435','KM 14 Vía Amaime','2022-08-07 16:03:11','2022-08-07 16:03:11');
/*!40000 ALTER TABLE `housing_projects` ENABLE KEYS */;
UNLOCK TABLES;

--
-- Table structure for table `towns`
--

DROP TABLE IF EXISTS `towns`;
/*!40101 SET @saved_cs_client     = @@character_set_client */;
/*!40101 SET character_set_client = utf8 */;
CREATE TABLE `towns` (
  `id` int(10) unsigned zerofill NOT NULL,
  `dane_code` int(10) unsigned NOT NULL,
  `name` varchar(45) NOT NULL,
  `department_id` int(10) unsigned NOT NULL,
  `created_date` timestamp NOT NULL DEFAULT CURRENT_TIMESTAMP,
  `updated_date` timestamp NOT NULL DEFAULT CURRENT_TIMESTAMP,
  PRIMARY KEY (`id`),
  KEY `fk-towns-departments_idx` (`department_id`),
  CONSTRAINT `fk-towns-departments` FOREIGN KEY (`department_id`) REFERENCES `departments` (`id`) ON DELETE NO ACTION ON UPDATE NO ACTION
) ENGINE=InnoDB DEFAULT CHARSET=utf8mb4;
/*!40101 SET character_set_client = @saved_cs_client */;

--
-- Dumping data for table `towns`
--

LOCK TABLES `towns` WRITE;
/*!40000 ALTER TABLE `towns` DISABLE KEYS */;
INSERT INTO `towns` VALUES (0000001000,91001,'Leticia',10,'2022-08-06 00:57:35','2022-08-06 00:57:35'),(0000001001,91263,'El Encanto',10,'2022-08-06 00:57:35','2022-08-06 00:57:35'),(0000001002,91405,'La Chorrera',10,'2022-08-06 00:57:35','2022-08-06 00:57:35'),(0000001003,91407,'La Pedrera',10,'2022-08-06 00:57:35','2022-08-06 00:57:35'),(0000001004,9143,'La Victoria',10,'2022-08-06 00:57:35','2022-08-06 00:57:35'),(0000001005,91536,'Puerto Arica',10,'2022-08-06 00:57:35','2022-08-06 00:57:35'),(0000001006,9154,'Puerto Nariño',10,'2022-08-06 00:57:35','2022-08-06 00:57:35'),(0000001007,91669,'Puerto Santander',10,'2022-08-06 00:57:35','2022-08-06 00:57:35'),(0000001008,91798,'Tarapacá',10,'2022-08-06 00:57:35','2022-08-06 00:57:35'),(0000001009,9153,'Puerto Alegría',10,'2022-08-06 00:57:35','2022-08-06 00:57:35'),(0000001010,9146,'Miriti Paraná',10,'2022-08-06 00:57:35','2022-08-06 00:57:35'),(0000001011,5001,'Medellín',11,'2022-08-06 00:57:35','2022-08-06 00:57:35'),(0000001012,5002,'Abejorral',11,'2022-08-06 00:57:35','2022-08-06 00:57:35'),(0000001013,5004,'Abriaquí',11,'2022-08-06 00:57:35','2022-08-06 00:57:35'),(0000001014,5021,'Alejandría',11,'2022-08-06 00:57:35','2022-08-06 00:57:35'),(0000001015,503,'Amagá',11,'2022-08-06 00:57:35','2022-08-06 00:57:35'),(0000001016,5031,'Amalfi',11,'2022-08-06 00:57:35','2022-08-06 00:57:35'),(0000001017,5034,'Andes',11,'2022-08-06 00:57:35','2022-08-06 00:57:35'),(0000001018,5036,'Angelópolis',11,'2022-08-06 00:57:35','2022-08-06 00:57:35'),(0000001019,5038,'Angostura',11,'2022-08-06 00:57:35','2022-08-06 00:57:35'),(0000001020,504,'Anorí',11,'2022-08-06 00:57:35','2022-08-06 00:57:35'),(0000001021,5044,'Anza',11,'2022-08-06 00:57:35','2022-08-06 00:57:35'),(0000001022,5045,'Apartadó',11,'2022-08-06 00:57:35','2022-08-06 00:57:35'),(0000001023,5051,'Arboletes',11,'2022-08-06 00:57:35','2022-08-06 00:57:35'),(0000001024,5055,'Argelia',11,'2022-08-06 00:57:35','2022-08-06 00:57:35'),(0000001025,5059,'Armenia',11,'2022-08-06 00:57:35','2022-08-06 00:57:35'),(0000001026,5079,'Barbosa',11,'2022-08-06 00:57:35','2022-08-06 00:57:35'),(0000001027,5088,'Bello',11,'2022-08-06 00:57:35','2022-08-06 00:57:35'),(0000001028,5091,'Betania',11,'2022-08-06 00:57:35','2022-08-06 00:57:35'),(0000001029,5093,'Betulia',11,'2022-08-06 00:57:35','2022-08-06 00:57:35'),(0000001030,5101,'Ciudad Bolívar',11,'2022-08-06 00:57:35','2022-08-06 00:57:35'),(0000001031,5107,'Briceño',11,'2022-08-06 00:57:35','2022-08-06 00:57:35'),(0000001032,5113,'Buriticá',11,'2022-08-06 00:57:35','2022-08-06 00:57:35'),(0000001033,512,'Cáceres',11,'2022-08-06 00:57:35','2022-08-06 00:57:35'),(0000001034,5125,'Caicedo',11,'2022-08-06 00:57:35','2022-08-06 00:57:35'),(0000001035,5129,'Caldas',11,'2022-08-06 00:57:35','2022-08-06 00:57:35'),(0000001036,5134,'Campamento',11,'2022-08-06 00:57:35','2022-08-06 00:57:35'),(0000001037,5138,'Cañasgordas',11,'2022-08-06 00:57:35','2022-08-06 00:57:35'),(0000001038,5142,'Caracolí',11,'2022-08-06 00:57:35','2022-08-06 00:57:35'),(0000001039,5145,'Caramanta',11,'2022-08-06 00:57:35','2022-08-06 00:57:35'),(0000001040,5147,'Carepa',11,'2022-08-06 00:57:35','2022-08-06 00:57:35'),(0000001041,515,'Carolina',11,'2022-08-06 00:57:35','2022-08-06 00:57:35'),(0000001042,5154,'Caucasia',11,'2022-08-06 00:57:35','2022-08-06 00:57:35'),(0000001043,5172,'Chigorodó',11,'2022-08-06 00:57:35','2022-08-06 00:57:35'),(0000001044,519,'Cisneros',11,'2022-08-06 00:57:35','2022-08-06 00:57:35'),(0000001045,5197,'Cocorná',11,'2022-08-06 00:57:35','2022-08-06 00:57:35'),(0000001046,5206,'Concepción',11,'2022-08-06 00:57:35','2022-08-06 00:57:35'),(0000001047,5209,'Concordia',11,'2022-08-06 00:57:35','2022-08-06 00:57:35'),(0000001048,5212,'Copacabana',11,'2022-08-06 00:57:35','2022-08-06 00:57:35'),(0000001049,5234,'Dabeiba',11,'2022-08-06 00:57:35','2022-08-06 00:57:35'),(0000001050,5237,'Don Matías',11,'2022-08-06 00:57:35','2022-08-06 00:57:35'),(0000001051,524,'Ebéjico',11,'2022-08-06 00:57:35','2022-08-06 00:57:35'),(0000001052,525,'El Bagre',11,'2022-08-06 00:57:35','2022-08-06 00:57:35'),(0000001053,5264,'Entrerrios',11,'2022-08-06 00:57:35','2022-08-06 00:57:35'),(0000001054,5266,'Envigado',11,'2022-08-06 00:57:35','2022-08-06 00:57:35'),(0000001055,5282,'Fredonia',11,'2022-08-06 00:57:35','2022-08-06 00:57:35'),(0000001056,5306,'Giraldo',11,'2022-08-06 00:57:35','2022-08-06 00:57:35'),(0000001057,5308,'Girardota',11,'2022-08-06 00:57:35','2022-08-06 00:57:35'),(0000001058,531,'Gómez Plata',11,'2022-08-06 00:57:35','2022-08-06 00:57:35'),(0000001059,5315,'Guadalupe',11,'2022-08-06 00:57:35','2022-08-06 00:57:35'),(0000001060,5318,'Guarne',11,'2022-08-06 00:57:35','2022-08-06 00:57:35'),(0000001061,5321,'Guatapé',11,'2022-08-06 00:57:35','2022-08-06 00:57:35'),(0000001062,5347,'Heliconia',11,'2022-08-06 00:57:35','2022-08-06 00:57:35'),(0000001063,5353,'Hispania',11,'2022-08-06 00:57:35','2022-08-06 00:57:35'),(0000001064,536,'Itagui',11,'2022-08-06 00:57:35','2022-08-06 00:57:35'),(0000001065,5361,'Ituango',11,'2022-08-06 00:57:35','2022-08-06 00:57:35'),(0000001066,5086,'Belmira',11,'2022-08-06 00:57:35','2022-08-06 00:57:35'),(0000001067,5368,'Jericó',11,'2022-08-06 00:57:35','2022-08-06 00:57:35'),(0000001068,5376,'La Ceja',11,'2022-08-06 00:57:35','2022-08-06 00:57:35'),(0000001069,538,'La Estrella',11,'2022-08-06 00:57:35','2022-08-06 00:57:35'),(0000001070,539,'La Pintada',11,'2022-08-06 00:57:35','2022-08-06 00:57:35'),(0000001071,54,'La Unión',11,'2022-08-06 00:57:35','2022-08-06 00:57:35'),(0000001072,5411,'Liborina',11,'2022-08-06 00:57:35','2022-08-06 00:57:35'),(0000001073,5425,'Maceo',11,'2022-08-06 00:57:35','2022-08-06 00:57:35'),(0000001074,544,'Marinilla',11,'2022-08-06 00:57:35','2022-08-06 00:57:35'),(0000001075,5467,'Montebello',11,'2022-08-06 00:57:35','2022-08-06 00:57:35'),(0000001076,5475,'Murindó',11,'2022-08-06 00:57:35','2022-08-06 00:57:35'),(0000001077,548,'Mutatá',11,'2022-08-06 00:57:35','2022-08-06 00:57:35'),(0000001078,5483,'Nariño',11,'2022-08-06 00:57:35','2022-08-06 00:57:35'),(0000001079,549,'Necoclí',11,'2022-08-06 00:57:35','2022-08-06 00:57:35'),(0000001080,5495,'Nechí',11,'2022-08-06 00:57:35','2022-08-06 00:57:35'),(0000001081,5501,'Olaya',11,'2022-08-06 00:57:35','2022-08-06 00:57:35'),(0000001082,5541,'Peñol',11,'2022-08-06 00:57:35','2022-08-06 00:57:35'),(0000001083,5543,'Peque',11,'2022-08-06 00:57:35','2022-08-06 00:57:35'),(0000001084,5576,'Pueblorrico',11,'2022-08-06 00:57:35','2022-08-06 00:57:35'),(0000001085,5579,'Puerto Berrío',11,'2022-08-06 00:57:35','2022-08-06 00:57:35'),(0000001086,5585,'Puerto Nare',11,'2022-08-06 00:57:35','2022-08-06 00:57:35'),(0000001087,5591,'Puerto Triunfo',11,'2022-08-06 00:57:35','2022-08-06 00:57:35'),(0000001088,5604,'Remedios',11,'2022-08-06 00:57:35','2022-08-06 00:57:35'),(0000001089,5607,'Retiro',11,'2022-08-06 00:57:35','2022-08-06 00:57:35'),(0000001090,5615,'Rionegro',11,'2022-08-06 00:57:35','2022-08-06 00:57:35'),(0000001091,5628,'Sabanalarga',11,'2022-08-06 00:57:35','2022-08-06 00:57:35'),(0000001092,5631,'Sabaneta',11,'2022-08-06 00:57:35','2022-08-06 00:57:35'),(0000001093,5642,'Salgar',11,'2022-08-06 00:57:35','2022-08-06 00:57:35'),(0000001094,5652,'San Francisco',11,'2022-08-06 00:57:35','2022-08-06 00:57:35'),(0000001095,5656,'San Jerónimo',11,'2022-08-06 00:57:35','2022-08-06 00:57:35'),(0000001096,566,'San Luis',11,'2022-08-06 00:57:35','2022-08-06 00:57:35'),(0000001097,5664,'San Pedro',11,'2022-08-06 00:57:35','2022-08-06 00:57:35'),(0000001098,5667,'San Rafael',11,'2022-08-06 00:57:35','2022-08-06 00:57:35'),(0000001099,567,'San Roque',11,'2022-08-06 00:57:35','2022-08-06 00:57:35'),(0000001100,5674,'San Vicente',11,'2022-08-06 00:57:35','2022-08-06 00:57:35'),(0000001101,5679,'Santa Bárbara',11,'2022-08-06 00:57:35','2022-08-06 00:57:35'),(0000001102,569,'Santo Domingo',11,'2022-08-06 00:57:35','2022-08-06 00:57:35'),(0000001103,5697,'El Santuario',11,'2022-08-06 00:57:35','2022-08-06 00:57:35'),(0000001104,5736,'Segovia',11,'2022-08-06 00:57:35','2022-08-06 00:57:35'),(0000001105,5761,'Sopetrán',11,'2022-08-06 00:57:35','2022-08-06 00:57:35'),(0000001106,5789,'Támesis',11,'2022-08-06 00:57:35','2022-08-06 00:57:35'),(0000001107,579,'Tarazá',11,'2022-08-06 00:57:35','2022-08-06 00:57:35'),(0000001108,5792,'Tarso',11,'2022-08-06 00:57:35','2022-08-06 00:57:35'),(0000001109,5809,'Titiribí',11,'2022-08-06 00:57:35','2022-08-06 00:57:35'),(0000001110,5819,'Toledo',11,'2022-08-06 00:57:35','2022-08-06 00:57:35'),(0000001111,5837,'Turbo',11,'2022-08-06 00:57:35','2022-08-06 00:57:35'),(0000001112,5842,'Uramita',11,'2022-08-06 00:57:35','2022-08-06 00:57:35'),(0000001113,5847,'Urrao',11,'2022-08-06 00:57:35','2022-08-06 00:57:35'),(0000001114,5854,'Valdivia',11,'2022-08-06 00:57:35','2022-08-06 00:57:35'),(0000001115,5856,'Valparaíso',11,'2022-08-06 00:57:35','2022-08-06 00:57:35'),(0000001116,5858,'Vegachí',11,'2022-08-06 00:57:35','2022-08-06 00:57:35'),(0000001117,5861,'Venecia',11,'2022-08-06 00:57:35','2022-08-06 00:57:35'),(0000001118,5885,'Yalí',11,'2022-08-06 00:57:35','2022-08-06 00:57:35'),(0000001119,5887,'Yarumal',11,'2022-08-06 00:57:35','2022-08-06 00:57:35'),(0000001120,589,'Yolombó',11,'2022-08-06 00:57:35','2022-08-06 00:57:35'),(0000001121,5893,'Yondó',11,'2022-08-06 00:57:35','2022-08-06 00:57:35'),(0000001122,5895,'Zaragoza',11,'2022-08-06 00:57:35','2022-08-06 00:57:35'),(0000001123,5665,'San Pedro de Uraba',11,'2022-08-06 00:57:35','2022-08-06 00:57:35'),(0000001124,5042,'Santafé de Antioquia',11,'2022-08-06 00:57:35','2022-08-06 00:57:35'),(0000001125,5686,'Santa Rosa de Osos',11,'2022-08-06 00:57:35','2022-08-06 00:57:35'),(0000001126,5647,'San Andrés de Cuerquía',11,'2022-08-06 00:57:35','2022-08-06 00:57:35'),(0000001127,5873,'Vigía del Fuerte',11,'2022-08-06 00:57:35','2022-08-06 00:57:35'),(0000001128,5658,'San José de La Montaña',11,'2022-08-06 00:57:35','2022-08-06 00:57:35'),(0000001129,5659,'San Juan de Urabá',11,'2022-08-06 00:57:35','2022-08-06 00:57:35'),(0000001130,5148,'El Carmen de Viboral',11,'2022-08-06 00:57:35','2022-08-06 00:57:35'),(0000001131,5649,'San Carlos',11,'2022-08-06 00:57:35','2022-08-06 00:57:35'),(0000001132,5284,'Frontino',11,'2022-08-06 00:57:35','2022-08-06 00:57:35'),(0000001133,5313,'Granada',11,'2022-08-06 00:57:35','2022-08-06 00:57:35'),(0000001134,5364,'Jardín',11,'2022-08-06 00:57:35','2022-08-06 00:57:35'),(0000001135,5756,'Sonsón',11,'2022-08-06 00:57:35','2022-08-06 00:57:35'),(0000001136,81065,'Arauquita',12,'2022-08-06 00:57:35','2022-08-06 00:57:35'),(0000001137,8122,'Cravo Norte',12,'2022-08-06 00:57:35','2022-08-06 00:57:35'),(0000001138,813,'Fortul',12,'2022-08-06 00:57:35','2022-08-06 00:57:35'),(0000001139,81591,'Puerto Rondón',12,'2022-08-06 00:57:35','2022-08-06 00:57:35'),(0000001140,81736,'Saravena',12,'2022-08-06 00:57:35','2022-08-06 00:57:35'),(0000001141,81794,'Tame',12,'2022-08-06 00:57:35','2022-08-06 00:57:35'),(0000001142,81001,'Arauca',12,'2022-08-06 00:57:35','2022-08-06 00:57:35'),(0000001143,88564,'Providencia',13,'2022-08-06 00:57:35','2022-08-06 00:57:35'),(0000001144,88001,'San Andrés',13,'2022-08-06 00:57:35','2022-08-06 00:57:35'),(0000001145,8001,'Barranquilla',14,'2022-08-06 00:57:35','2022-08-06 00:57:35'),(0000001146,8078,'Baranoa',14,'2022-08-06 00:57:35','2022-08-06 00:57:35'),(0000001147,8141,'Candelaria',14,'2022-08-06 00:57:35','2022-08-06 00:57:35'),(0000001148,8296,'Galapa',14,'2022-08-06 00:57:35','2022-08-06 00:57:35'),(0000001149,8421,'Luruaco',14,'2022-08-06 00:57:35','2022-08-06 00:57:35'),(0000001150,8433,'Malambo',14,'2022-08-06 00:57:35','2022-08-06 00:57:35'),(0000001151,8436,'Manatí',14,'2022-08-06 00:57:35','2022-08-06 00:57:35'),(0000001152,8549,'Piojó',14,'2022-08-06 00:57:35','2022-08-06 00:57:35'),(0000001153,8558,'Polonuevo',14,'2022-08-06 00:57:35','2022-08-06 00:57:35'),(0000001154,8634,'Sabanagrande',14,'2022-08-06 00:57:35','2022-08-06 00:57:35'),(0000001155,8638,'Sabanalarga',14,'2022-08-06 00:57:35','2022-08-06 00:57:35'),(0000001156,8675,'Santa Lucía',14,'2022-08-06 00:57:35','2022-08-06 00:57:35'),(0000001157,8685,'Santo Tomás',14,'2022-08-06 00:57:35','2022-08-06 00:57:35'),(0000001158,8758,'Soledad',14,'2022-08-06 00:57:35','2022-08-06 00:57:35'),(0000001159,877,'Suan',14,'2022-08-06 00:57:35','2022-08-06 00:57:35'),(0000001160,8832,'Tubará',14,'2022-08-06 00:57:35','2022-08-06 00:57:35'),(0000001161,8849,'Usiacurí',14,'2022-08-06 00:57:35','2022-08-06 00:57:35'),(0000001162,8372,'Juan de Acosta',14,'2022-08-06 00:57:35','2022-08-06 00:57:35'),(0000001163,852,'Palmar de Varela',14,'2022-08-06 00:57:35','2022-08-06 00:57:35'),(0000001164,8137,'Campo de La Cruz',14,'2022-08-06 00:57:35','2022-08-06 00:57:35'),(0000001165,8606,'Repelón',14,'2022-08-06 00:57:35','2022-08-06 00:57:35'),(0000001166,8573,'Puerto Colombia',14,'2022-08-06 00:57:35','2022-08-06 00:57:35'),(0000001167,856,'Ponedera',14,'2022-08-06 00:57:35','2022-08-06 00:57:35'),(0000001168,11001,'Bogotá D.C.',15,'2022-08-06 00:57:35','2022-08-06 00:57:35'),(0000001169,13006,'Achí',16,'2022-08-06 00:57:35','2022-08-06 00:57:35'),(0000001170,13042,'Arenal',16,'2022-08-06 00:57:35','2022-08-06 00:57:35'),(0000001171,13052,'Arjona',16,'2022-08-06 00:57:35','2022-08-06 00:57:35'),(0000001172,13062,'Arroyohondo',16,'2022-08-06 00:57:35','2022-08-06 00:57:35'),(0000001173,1314,'Calamar',16,'2022-08-06 00:57:35','2022-08-06 00:57:35'),(0000001174,1316,'Cantagallo',16,'2022-08-06 00:57:35','2022-08-06 00:57:35'),(0000001175,13188,'Cicuco',16,'2022-08-06 00:57:35','2022-08-06 00:57:35'),(0000001176,13212,'Córdoba',16,'2022-08-06 00:57:35','2022-08-06 00:57:35'),(0000001177,13222,'Clemencia',16,'2022-08-06 00:57:35','2022-08-06 00:57:35'),(0000001178,13248,'El Guamo',16,'2022-08-06 00:57:35','2022-08-06 00:57:35'),(0000001179,1343,'Magangué',16,'2022-08-06 00:57:35','2022-08-06 00:57:35'),(0000001180,13433,'Mahates',16,'2022-08-06 00:57:35','2022-08-06 00:57:35'),(0000001181,1344,'Margarita',16,'2022-08-06 00:57:35','2022-08-06 00:57:35'),(0000001182,13458,'Montecristo',16,'2022-08-06 00:57:35','2022-08-06 00:57:35'),(0000001183,13468,'Mompós',16,'2022-08-06 00:57:35','2022-08-06 00:57:35'),(0000001184,13473,'Morales',16,'2022-08-06 00:57:35','2022-08-06 00:57:35'),(0000001185,1349,'Norosí',16,'2022-08-06 00:57:35','2022-08-06 00:57:35'),(0000001186,13549,'Pinillos',16,'2022-08-06 00:57:35','2022-08-06 00:57:35'),(0000001187,1358,'Regidor',16,'2022-08-06 00:57:35','2022-08-06 00:57:35'),(0000001188,136,'Río Viejo',16,'2022-08-06 00:57:35','2022-08-06 00:57:35'),(0000001189,13647,'San Estanislao',16,'2022-08-06 00:57:35','2022-08-06 00:57:35'),(0000001190,1365,'San Fernando',16,'2022-08-06 00:57:35','2022-08-06 00:57:35'),(0000001191,13657,'San Juan Nepomuceno',16,'2022-08-06 00:57:35','2022-08-06 00:57:35'),(0000001192,13673,'Santa Catalina',16,'2022-08-06 00:57:35','2022-08-06 00:57:35'),(0000001193,13683,'Santa Rosa',16,'2022-08-06 00:57:35','2022-08-06 00:57:35'),(0000001194,13744,'Simití',16,'2022-08-06 00:57:36','2022-08-06 00:57:36'),(0000001195,1376,'Soplaviento',16,'2022-08-06 00:57:36','2022-08-06 00:57:36'),(0000001196,1378,'Talaigua Nuevo',16,'2022-08-06 00:57:36','2022-08-06 00:57:36'),(0000001197,1381,'Tiquisio',16,'2022-08-06 00:57:36','2022-08-06 00:57:36'),(0000001198,13836,'Turbaco',16,'2022-08-06 00:57:36','2022-08-06 00:57:36'),(0000001199,13838,'Turbaná',16,'2022-08-06 00:57:36','2022-08-06 00:57:36'),(0000001200,13873,'Villanueva',16,'2022-08-06 00:57:36','2022-08-06 00:57:36'),(0000001201,13074,'Barranco de Loba',16,'2022-08-06 00:57:36','2022-08-06 00:57:36'),(0000001202,13688,'Santa Rosa del Sur',16,'2022-08-06 00:57:36','2022-08-06 00:57:36'),(0000001203,133,'Hatillo de Loba',16,'2022-08-06 00:57:36','2022-08-06 00:57:36'),(0000001204,13244,'El Carmen de Bolívar',16,'2022-08-06 00:57:36','2022-08-06 00:57:36'),(0000001205,13667,'San Martín de Loba',16,'2022-08-06 00:57:36','2022-08-06 00:57:36'),(0000001206,1303,'Altos del Rosario',16,'2022-08-06 00:57:36','2022-08-06 00:57:36'),(0000001207,13655,'San Jacinto del Cauca',16,'2022-08-06 00:57:36','2022-08-06 00:57:36'),(0000001208,1367,'San Pablo de Borbur',16,'2022-08-06 00:57:36','2022-08-06 00:57:36'),(0000001209,13654,'San Jacinto',16,'2022-08-06 00:57:36','2022-08-06 00:57:36'),(0000001210,13268,'El Peñón',16,'2022-08-06 00:57:36','2022-08-06 00:57:36'),(0000001211,13001,'Cartagena',16,'2022-08-06 00:57:36','2022-08-06 00:57:36'),(0000001212,13442,'María la Baja',16,'2022-08-06 00:57:36','2022-08-06 00:57:36'),(0000001213,1362,'San Cristóbal',16,'2022-08-06 00:57:36','2022-08-06 00:57:36'),(0000001214,13894,'Zambrano',16,'2022-08-06 00:57:36','2022-08-06 00:57:36'),(0000001215,15832,'Tununguá',17,'2022-08-06 00:57:36','2022-08-06 00:57:36'),(0000001216,15476,'Motavita',17,'2022-08-06 00:57:36','2022-08-06 00:57:36'),(0000001217,15189,'Ciénega',17,'2022-08-06 00:57:36','2022-08-06 00:57:36'),(0000001218,15001,'Tunja',17,'2022-08-06 00:57:36','2022-08-06 00:57:36'),(0000001219,15022,'Almeida',17,'2022-08-06 00:57:36','2022-08-06 00:57:36'),(0000001220,15047,'Aquitania',17,'2022-08-06 00:57:36','2022-08-06 00:57:36'),(0000001221,15051,'Arcabuco',17,'2022-08-06 00:57:36','2022-08-06 00:57:36'),(0000001222,1509,'Berbeo',17,'2022-08-06 00:57:36','2022-08-06 00:57:36'),(0000001223,15092,'Betéitiva',17,'2022-08-06 00:57:36','2022-08-06 00:57:36'),(0000001224,15097,'Boavita',17,'2022-08-06 00:57:36','2022-08-06 00:57:36'),(0000001225,15104,'Boyacá',17,'2022-08-06 00:57:36','2022-08-06 00:57:36'),(0000001226,15106,'Briceño',17,'2022-08-06 00:57:36','2022-08-06 00:57:36'),(0000001227,15109,'Buena Vista',17,'2022-08-06 00:57:36','2022-08-06 00:57:36'),(0000001228,15114,'Busbanzá',17,'2022-08-06 00:57:36','2022-08-06 00:57:36'),(0000001229,15131,'Caldas',17,'2022-08-06 00:57:36','2022-08-06 00:57:36'),(0000001230,15135,'Campohermoso',17,'2022-08-06 00:57:36','2022-08-06 00:57:36'),(0000001231,15162,'Cerinza',17,'2022-08-06 00:57:36','2022-08-06 00:57:36'),(0000001232,15172,'Chinavita',17,'2022-08-06 00:57:36','2022-08-06 00:57:36'),(0000001233,15176,'Chiquinquirá',17,'2022-08-06 00:57:36','2022-08-06 00:57:36'),(0000001234,1518,'Chiscas',17,'2022-08-06 00:57:36','2022-08-06 00:57:36'),(0000001235,15183,'Chita',17,'2022-08-06 00:57:36','2022-08-06 00:57:36'),(0000001236,15185,'Chitaraque',17,'2022-08-06 00:57:36','2022-08-06 00:57:36'),(0000001237,15187,'Chivatá',17,'2022-08-06 00:57:36','2022-08-06 00:57:36'),(0000001238,15204,'Cómbita',17,'2022-08-06 00:57:36','2022-08-06 00:57:36'),(0000001239,15212,'Coper',17,'2022-08-06 00:57:36','2022-08-06 00:57:36'),(0000001240,15215,'Corrales',17,'2022-08-06 00:57:36','2022-08-06 00:57:36'),(0000001241,15218,'Covarachía',17,'2022-08-06 00:57:36','2022-08-06 00:57:36'),(0000001242,15223,'Cubará',17,'2022-08-06 00:57:36','2022-08-06 00:57:36'),(0000001243,15224,'Cucaita',17,'2022-08-06 00:57:36','2022-08-06 00:57:36'),(0000001244,15226,'Cuítiva',17,'2022-08-06 00:57:36','2022-08-06 00:57:36'),(0000001245,15232,'Chíquiza',17,'2022-08-06 00:57:36','2022-08-06 00:57:36'),(0000001246,15236,'Chivor',17,'2022-08-06 00:57:36','2022-08-06 00:57:36'),(0000001247,15238,'Duitama',17,'2022-08-06 00:57:36','2022-08-06 00:57:36'),(0000001248,15244,'El Cocuy',17,'2022-08-06 00:57:36','2022-08-06 00:57:36'),(0000001249,15248,'El Espino',17,'2022-08-06 00:57:36','2022-08-06 00:57:36'),(0000001250,15272,'Firavitoba',17,'2022-08-06 00:57:36','2022-08-06 00:57:36'),(0000001251,15276,'Floresta',17,'2022-08-06 00:57:36','2022-08-06 00:57:36'),(0000001252,15293,'Gachantivá',17,'2022-08-06 00:57:36','2022-08-06 00:57:36'),(0000001253,15296,'Gameza',17,'2022-08-06 00:57:36','2022-08-06 00:57:36'),(0000001254,15299,'Garagoa',17,'2022-08-06 00:57:36','2022-08-06 00:57:36'),(0000001255,15317,'Guacamayas',17,'2022-08-06 00:57:36','2022-08-06 00:57:36'),(0000001256,15322,'Guateque',17,'2022-08-06 00:57:36','2022-08-06 00:57:36'),(0000001257,15325,'Guayatá',17,'2022-08-06 00:57:36','2022-08-06 00:57:36'),(0000001258,15332,'Güicán',17,'2022-08-06 00:57:36','2022-08-06 00:57:36'),(0000001259,15362,'Iza',17,'2022-08-06 00:57:36','2022-08-06 00:57:36'),(0000001260,15367,'Jenesano',17,'2022-08-06 00:57:36','2022-08-06 00:57:36'),(0000001261,15368,'Jericó',17,'2022-08-06 00:57:36','2022-08-06 00:57:36'),(0000001262,15377,'Labranzagrande',17,'2022-08-06 00:57:36','2022-08-06 00:57:36'),(0000001263,1538,'La Capilla',17,'2022-08-06 00:57:36','2022-08-06 00:57:36'),(0000001264,15401,'La Victoria',17,'2022-08-06 00:57:36','2022-08-06 00:57:36'),(0000001265,15425,'Macanal',17,'2022-08-06 00:57:36','2022-08-06 00:57:36'),(0000001266,15442,'Maripí',17,'2022-08-06 00:57:36','2022-08-06 00:57:36'),(0000001267,15455,'Miraflores',17,'2022-08-06 00:57:36','2022-08-06 00:57:36'),(0000001268,15464,'Mongua',17,'2022-08-06 00:57:36','2022-08-06 00:57:36'),(0000001269,15466,'Monguí',17,'2022-08-06 00:57:36','2022-08-06 00:57:36'),(0000001270,15469,'Moniquirá',17,'2022-08-06 00:57:36','2022-08-06 00:57:36'),(0000001271,1548,'Muzo',17,'2022-08-06 00:57:36','2022-08-06 00:57:36'),(0000001272,15491,'Nobsa',17,'2022-08-06 00:57:36','2022-08-06 00:57:36'),(0000001273,15494,'Nuevo Colón',17,'2022-08-06 00:57:36','2022-08-06 00:57:36'),(0000001274,155,'Oicatá',17,'2022-08-06 00:57:36','2022-08-06 00:57:36'),(0000001275,15507,'Otanche',17,'2022-08-06 00:57:36','2022-08-06 00:57:36'),(0000001276,15511,'Pachavita',17,'2022-08-06 00:57:36','2022-08-06 00:57:36'),(0000001277,15514,'Páez',17,'2022-08-06 00:57:36','2022-08-06 00:57:36'),(0000001278,15516,'Paipa',17,'2022-08-06 00:57:36','2022-08-06 00:57:36'),(0000001279,15518,'Pajarito',17,'2022-08-06 00:57:36','2022-08-06 00:57:36'),(0000001280,15522,'Panqueba',17,'2022-08-06 00:57:36','2022-08-06 00:57:36'),(0000001281,15531,'Pauna',17,'2022-08-06 00:57:36','2022-08-06 00:57:36'),(0000001282,15533,'Paya',17,'2022-08-06 00:57:36','2022-08-06 00:57:36'),(0000001283,15542,'Pesca',17,'2022-08-06 00:57:36','2022-08-06 00:57:36'),(0000001284,1555,'Pisba',17,'2022-08-06 00:57:36','2022-08-06 00:57:36'),(0000001285,15572,'Puerto Boyacá',17,'2022-08-06 00:57:36','2022-08-06 00:57:36'),(0000001286,1558,'Quípama',17,'2022-08-06 00:57:36','2022-08-06 00:57:36'),(0000001287,15599,'Ramiriquí',17,'2022-08-06 00:57:36','2022-08-06 00:57:36'),(0000001288,156,'Ráquira',17,'2022-08-06 00:57:36','2022-08-06 00:57:36'),(0000001289,15621,'Rondón',17,'2022-08-06 00:57:36','2022-08-06 00:57:36'),(0000001290,15632,'Saboyá',17,'2022-08-06 00:57:36','2022-08-06 00:57:36'),(0000001291,15638,'Sáchica',17,'2022-08-06 00:57:36','2022-08-06 00:57:36'),(0000001292,15646,'Samacá',17,'2022-08-06 00:57:36','2022-08-06 00:57:36'),(0000001293,1566,'San Eduardo',17,'2022-08-06 00:57:36','2022-08-06 00:57:36'),(0000001294,15673,'San Mateo',17,'2022-08-06 00:57:36','2022-08-06 00:57:36'),(0000001295,15686,'Santana',17,'2022-08-06 00:57:36','2022-08-06 00:57:36'),(0000001296,1569,'Santa María',17,'2022-08-06 00:57:36','2022-08-06 00:57:36'),(0000001297,15696,'Santa Sofía',17,'2022-08-06 00:57:36','2022-08-06 00:57:36'),(0000001298,1572,'Sativanorte',17,'2022-08-06 00:57:36','2022-08-06 00:57:36'),(0000001299,15723,'Sativasur',17,'2022-08-06 00:57:36','2022-08-06 00:57:36'),(0000001300,1574,'Siachoque',17,'2022-08-06 00:57:36','2022-08-06 00:57:36'),(0000001301,15753,'Soatá',17,'2022-08-06 00:57:36','2022-08-06 00:57:36'),(0000001302,15755,'Socotá',17,'2022-08-06 00:57:36','2022-08-06 00:57:36'),(0000001303,15757,'Socha',17,'2022-08-06 00:57:36','2022-08-06 00:57:36'),(0000001304,15759,'Sogamoso',17,'2022-08-06 00:57:36','2022-08-06 00:57:36'),(0000001305,15761,'Somondoco',17,'2022-08-06 00:57:36','2022-08-06 00:57:36'),(0000001306,15762,'Sora',17,'2022-08-06 00:57:36','2022-08-06 00:57:36'),(0000001307,15763,'Sotaquirá',17,'2022-08-06 00:57:36','2022-08-06 00:57:36'),(0000001308,15764,'Soracá',17,'2022-08-06 00:57:36','2022-08-06 00:57:36'),(0000001309,15774,'Susacón',17,'2022-08-06 00:57:36','2022-08-06 00:57:36'),(0000001310,15776,'Sutamarchán',17,'2022-08-06 00:57:36','2022-08-06 00:57:36'),(0000001311,15778,'Sutatenza',17,'2022-08-06 00:57:36','2022-08-06 00:57:36'),(0000001312,1579,'Tasco',17,'2022-08-06 00:57:36','2022-08-06 00:57:36'),(0000001313,15798,'Tenza',17,'2022-08-06 00:57:36','2022-08-06 00:57:36'),(0000001314,15804,'Tibaná',17,'2022-08-06 00:57:36','2022-08-06 00:57:36'),(0000001315,15808,'Tinjacá',17,'2022-08-06 00:57:36','2022-08-06 00:57:36'),(0000001316,1581,'Tipacoque',17,'2022-08-06 00:57:36','2022-08-06 00:57:36'),(0000001317,15814,'Toca',17,'2022-08-06 00:57:36','2022-08-06 00:57:36'),(0000001318,1582,'Tópaga',17,'2022-08-06 00:57:36','2022-08-06 00:57:36'),(0000001319,15822,'Tota',17,'2022-08-06 00:57:36','2022-08-06 00:57:36'),(0000001320,15835,'Turmequé',17,'2022-08-06 00:57:36','2022-08-06 00:57:36'),(0000001321,15839,'Tutazá',17,'2022-08-06 00:57:36','2022-08-06 00:57:36'),(0000001322,15842,'Umbita',17,'2022-08-06 00:57:36','2022-08-06 00:57:36'),(0000001323,15861,'Ventaquemada',17,'2022-08-06 00:57:36','2022-08-06 00:57:36'),(0000001324,15879,'Viracachá',17,'2022-08-06 00:57:36','2022-08-06 00:57:36'),(0000001325,15897,'Zetaquira',17,'2022-08-06 00:57:36','2022-08-06 00:57:36'),(0000001326,15816,'Togüí',17,'2022-08-06 00:57:36','2022-08-06 00:57:36'),(0000001327,15407,'Villa de Leyva',17,'2022-08-06 00:57:36','2022-08-06 00:57:36'),(0000001328,15537,'Paz de Río',17,'2022-08-06 00:57:36','2022-08-06 00:57:36'),(0000001329,15693,'Santa Rosa de Viterbo',17,'2022-08-06 00:57:36','2022-08-06 00:57:36'),(0000001330,15681,'San Pablo de Borbur',17,'2022-08-06 00:57:36','2022-08-06 00:57:36'),(0000001331,15667,'San Luis de Gaceno',17,'2022-08-06 00:57:36','2022-08-06 00:57:36'),(0000001332,15664,'San José de Pare',17,'2022-08-06 00:57:36','2022-08-06 00:57:36'),(0000001333,15676,'San Miguel de Sema',17,'2022-08-06 00:57:36','2022-08-06 00:57:36'),(0000001334,15837,'Tuta',17,'2022-08-06 00:57:36','2022-08-06 00:57:36'),(0000001335,15806,'Tibasosa',17,'2022-08-06 00:57:36','2022-08-06 00:57:36'),(0000001336,15403,'La Uvita',17,'2022-08-06 00:57:36','2022-08-06 00:57:36'),(0000001337,15087,'Belén',17,'2022-08-06 00:57:36','2022-08-06 00:57:36'),(0000001338,17001,'Manizales',18,'2022-08-06 00:57:36','2022-08-06 00:57:36'),(0000001339,17013,'Aguadas',18,'2022-08-06 00:57:36','2022-08-06 00:57:36'),(0000001340,17042,'Anserma',18,'2022-08-06 00:57:36','2022-08-06 00:57:36'),(0000001341,1705,'Aranzazu',18,'2022-08-06 00:57:36','2022-08-06 00:57:36'),(0000001342,17088,'Belalcázar',18,'2022-08-06 00:57:36','2022-08-06 00:57:36'),(0000001343,17174,'Chinchiná',18,'2022-08-06 00:57:36','2022-08-06 00:57:36'),(0000001344,17272,'Filadelfia',18,'2022-08-06 00:57:36','2022-08-06 00:57:36'),(0000001345,1738,'La Dorada',18,'2022-08-06 00:57:36','2022-08-06 00:57:36'),(0000001346,17388,'La Merced',18,'2022-08-06 00:57:36','2022-08-06 00:57:36'),(0000001347,17433,'Manzanares',18,'2022-08-06 00:57:36','2022-08-06 00:57:36'),(0000001348,17442,'Marmato',18,'2022-08-06 00:57:36','2022-08-06 00:57:36'),(0000001349,17446,'Marulanda',18,'2022-08-06 00:57:36','2022-08-06 00:57:36'),(0000001350,17486,'Neira',18,'2022-08-06 00:57:36','2022-08-06 00:57:36'),(0000001351,17495,'Norcasia',18,'2022-08-06 00:57:36','2022-08-06 00:57:36'),(0000001352,17513,'Pácora',18,'2022-08-06 00:57:36','2022-08-06 00:57:36'),(0000001353,17524,'Palestina',18,'2022-08-06 00:57:36','2022-08-06 00:57:36'),(0000001354,17541,'Pensilvania',18,'2022-08-06 00:57:36','2022-08-06 00:57:36'),(0000001355,17614,'Riosucio',18,'2022-08-06 00:57:36','2022-08-06 00:57:36'),(0000001356,17616,'Risaralda',18,'2022-08-06 00:57:36','2022-08-06 00:57:36'),(0000001357,17653,'Salamina',18,'2022-08-06 00:57:36','2022-08-06 00:57:36'),(0000001358,17662,'Samaná',18,'2022-08-06 00:57:36','2022-08-06 00:57:36'),(0000001359,17665,'San José',18,'2022-08-06 00:57:36','2022-08-06 00:57:36'),(0000001360,17777,'Supía',18,'2022-08-06 00:57:36','2022-08-06 00:57:36'),(0000001361,17867,'Victoria',18,'2022-08-06 00:57:36','2022-08-06 00:57:36'),(0000001362,17873,'Villamaría',18,'2022-08-06 00:57:36','2022-08-06 00:57:36'),(0000001363,17877,'Viterbo',18,'2022-08-06 00:57:36','2022-08-06 00:57:36'),(0000001364,17444,'Marquetalia',18,'2022-08-06 00:57:36','2022-08-06 00:57:36'),(0000001365,18001,'Florencia',19,'2022-08-06 00:57:36','2022-08-06 00:57:36'),(0000001366,18029,'Albania',19,'2022-08-06 00:57:36','2022-08-06 00:57:36'),(0000001367,18205,'Curillo',19,'2022-08-06 00:57:36','2022-08-06 00:57:36'),(0000001368,18247,'El Doncello',19,'2022-08-06 00:57:36','2022-08-06 00:57:36'),(0000001369,18256,'El Paujil',19,'2022-08-06 00:57:36','2022-08-06 00:57:36'),(0000001370,18479,'Morelia',19,'2022-08-06 00:57:36','2022-08-06 00:57:36'),(0000001371,18592,'Puerto Rico',19,'2022-08-06 00:57:36','2022-08-06 00:57:36'),(0000001372,18756,'Solano',19,'2022-08-06 00:57:36','2022-08-06 00:57:36'),(0000001373,18785,'Solita',19,'2022-08-06 00:57:36','2022-08-06 00:57:36'),(0000001374,1886,'Valparaíso',19,'2022-08-06 00:57:36','2022-08-06 00:57:36'),(0000001375,1861,'San José del Fragua',19,'2022-08-06 00:57:36','2022-08-06 00:57:36'),(0000001376,18094,'Belén de Los Andaquies',19,'2022-08-06 00:57:36','2022-08-06 00:57:36'),(0000001377,1815,'Cartagena del Chairá',19,'2022-08-06 00:57:36','2022-08-06 00:57:36'),(0000001378,1846,'Milán',19,'2022-08-06 00:57:36','2022-08-06 00:57:36'),(0000001379,1841,'La Montañita',19,'2022-08-06 00:57:36','2022-08-06 00:57:36'),(0000001380,18753,'San Vicente del Caguán',19,'2022-08-06 00:57:36','2022-08-06 00:57:36'),(0000001381,85001,'Yopal',20,'2022-08-06 00:57:36','2022-08-06 00:57:36'),(0000001382,8501,'Aguazul',20,'2022-08-06 00:57:36','2022-08-06 00:57:36'),(0000001383,85015,'Chámeza',20,'2022-08-06 00:57:36','2022-08-06 00:57:36'),(0000001384,85125,'Hato Corozal',20,'2022-08-06 00:57:36','2022-08-06 00:57:36'),(0000001385,85136,'La Salina',20,'2022-08-06 00:57:36','2022-08-06 00:57:36'),(0000001386,85162,'Monterrey',20,'2022-08-06 00:57:36','2022-08-06 00:57:36'),(0000001387,85263,'Pore',20,'2022-08-06 00:57:36','2022-08-06 00:57:36'),(0000001388,85279,'Recetor',20,'2022-08-06 00:57:36','2022-08-06 00:57:36'),(0000001389,853,'Sabanalarga',20,'2022-08-06 00:57:36','2022-08-06 00:57:36'),(0000001390,85315,'Sácama',20,'2022-08-06 00:57:36','2022-08-06 00:57:36'),(0000001391,8541,'Tauramena',20,'2022-08-06 00:57:36','2022-08-06 00:57:36'),(0000001392,8543,'Trinidad',20,'2022-08-06 00:57:36','2022-08-06 00:57:36'),(0000001393,8544,'Villanueva',20,'2022-08-06 00:57:36','2022-08-06 00:57:36'),(0000001394,85325,'San Luis de Gaceno',20,'2022-08-06 00:57:36','2022-08-06 00:57:36'),(0000001395,8525,'Paz de Ariporo',20,'2022-08-06 00:57:36','2022-08-06 00:57:36'),(0000001396,85225,'Nunchía',20,'2022-08-06 00:57:36','2022-08-06 00:57:36'),(0000001397,85139,'Maní',20,'2022-08-06 00:57:36','2022-08-06 00:57:36'),(0000001398,854,'Támara',20,'2022-08-06 00:57:37','2022-08-06 00:57:37'),(0000001399,8523,'Orocué',20,'2022-08-06 00:57:37','2022-08-06 00:57:37'),(0000001400,19001,'Popayán',21,'2022-08-06 00:57:37','2022-08-06 00:57:37'),(0000001401,19022,'Almaguer',21,'2022-08-06 00:57:37','2022-08-06 00:57:37'),(0000001402,1905,'Argelia',21,'2022-08-06 00:57:37','2022-08-06 00:57:37'),(0000001403,19075,'Balboa',21,'2022-08-06 00:57:37','2022-08-06 00:57:37'),(0000001404,191,'Bolívar',21,'2022-08-06 00:57:37','2022-08-06 00:57:37'),(0000001405,1911,'Buenos Aires',21,'2022-08-06 00:57:37','2022-08-06 00:57:37'),(0000001406,1913,'Cajibío',21,'2022-08-06 00:57:37','2022-08-06 00:57:37'),(0000001407,19137,'Caldono',21,'2022-08-06 00:57:37','2022-08-06 00:57:37'),(0000001408,19142,'Caloto',21,'2022-08-06 00:57:37','2022-08-06 00:57:37'),(0000001409,19212,'Corinto',21,'2022-08-06 00:57:37','2022-08-06 00:57:37'),(0000001410,19256,'El Tambo',21,'2022-08-06 00:57:37','2022-08-06 00:57:37'),(0000001411,1929,'Florencia',21,'2022-08-06 00:57:37','2022-08-06 00:57:37'),(0000001412,193,'Guachené',21,'2022-08-06 00:57:37','2022-08-06 00:57:37'),(0000001413,19318,'Guapi',21,'2022-08-06 00:57:37','2022-08-06 00:57:37'),(0000001414,19355,'Inzá',21,'2022-08-06 00:57:37','2022-08-06 00:57:37'),(0000001415,19364,'Jambaló',21,'2022-08-06 00:57:37','2022-08-06 00:57:37'),(0000001416,19392,'La Sierra',21,'2022-08-06 00:57:37','2022-08-06 00:57:37'),(0000001417,19397,'La Vega',21,'2022-08-06 00:57:37','2022-08-06 00:57:37'),(0000001418,19418,'López',21,'2022-08-06 00:57:37','2022-08-06 00:57:37'),(0000001419,1945,'Mercaderes',21,'2022-08-06 00:57:37','2022-08-06 00:57:37'),(0000001420,19455,'Miranda',21,'2022-08-06 00:57:37','2022-08-06 00:57:37'),(0000001421,19473,'Morales',21,'2022-08-06 00:57:37','2022-08-06 00:57:37'),(0000001422,19513,'Padilla',21,'2022-08-06 00:57:37','2022-08-06 00:57:37'),(0000001423,19532,'Patía',21,'2022-08-06 00:57:37','2022-08-06 00:57:37'),(0000001424,19533,'Piamonte',21,'2022-08-06 00:57:37','2022-08-06 00:57:37'),(0000001425,19548,'Piendamó',21,'2022-08-06 00:57:37','2022-08-06 00:57:37'),(0000001426,19573,'Puerto Tejada',21,'2022-08-06 00:57:37','2022-08-06 00:57:37'),(0000001427,19585,'Puracé',21,'2022-08-06 00:57:37','2022-08-06 00:57:37'),(0000001428,19622,'Rosas',21,'2022-08-06 00:57:37','2022-08-06 00:57:37'),(0000001429,19701,'Santa Rosa',21,'2022-08-06 00:57:37','2022-08-06 00:57:37'),(0000001430,19743,'Silvia',21,'2022-08-06 00:57:37','2022-08-06 00:57:37'),(0000001431,1976,'Sotara',21,'2022-08-06 00:57:37','2022-08-06 00:57:37'),(0000001432,1978,'Suárez',21,'2022-08-06 00:57:37','2022-08-06 00:57:37'),(0000001433,19785,'Sucre',21,'2022-08-06 00:57:37','2022-08-06 00:57:37'),(0000001434,19807,'Timbío',21,'2022-08-06 00:57:37','2022-08-06 00:57:37'),(0000001435,19809,'Timbiquí',21,'2022-08-06 00:57:37','2022-08-06 00:57:37'),(0000001436,19821,'Toribio',21,'2022-08-06 00:57:37','2022-08-06 00:57:37'),(0000001437,19824,'Totoró',21,'2022-08-06 00:57:37','2022-08-06 00:57:37'),(0000001438,19845,'Villa Rica',21,'2022-08-06 00:57:37','2022-08-06 00:57:37'),(0000001439,19698,'Santander de Quilichao',21,'2022-08-06 00:57:37','2022-08-06 00:57:37'),(0000001440,19693,'San Sebastián',21,'2022-08-06 00:57:37','2022-08-06 00:57:37'),(0000001441,19517,'Páez',21,'2022-08-06 00:57:37','2022-08-06 00:57:37'),(0000001442,20001,'Valledupar',22,'2022-08-06 00:57:37','2022-08-06 00:57:37'),(0000001443,20011,'Aguachica',22,'2022-08-06 00:57:37','2022-08-06 00:57:37'),(0000001444,20013,'Agustín Codazzi',22,'2022-08-06 00:57:37','2022-08-06 00:57:37'),(0000001445,20032,'Astrea',22,'2022-08-06 00:57:37','2022-08-06 00:57:37'),(0000001446,20045,'Becerril',22,'2022-08-06 00:57:37','2022-08-06 00:57:37'),(0000001447,2006,'Bosconia',22,'2022-08-06 00:57:37','2022-08-06 00:57:37'),(0000001448,20175,'Chimichagua',22,'2022-08-06 00:57:37','2022-08-06 00:57:37'),(0000001449,20178,'Chiriguaná',22,'2022-08-06 00:57:37','2022-08-06 00:57:37'),(0000001450,20228,'Curumaní',22,'2022-08-06 00:57:37','2022-08-06 00:57:37'),(0000001451,20238,'El Copey',22,'2022-08-06 00:57:37','2022-08-06 00:57:37'),(0000001452,2025,'El Paso',22,'2022-08-06 00:57:37','2022-08-06 00:57:37'),(0000001453,20295,'Gamarra',22,'2022-08-06 00:57:37','2022-08-06 00:57:37'),(0000001454,2031,'González',22,'2022-08-06 00:57:37','2022-08-06 00:57:37'),(0000001455,20383,'La Gloria',22,'2022-08-06 00:57:37','2022-08-06 00:57:37'),(0000001456,20443,'Manaure',22,'2022-08-06 00:57:37','2022-08-06 00:57:37'),(0000001457,20517,'Pailitas',22,'2022-08-06 00:57:37','2022-08-06 00:57:37'),(0000001458,2055,'Pelaya',22,'2022-08-06 00:57:37','2022-08-06 00:57:37'),(0000001459,2057,'Pueblo Bello',22,'2022-08-06 00:57:37','2022-08-06 00:57:37'),(0000001460,20621,'La Paz',22,'2022-08-06 00:57:37','2022-08-06 00:57:37'),(0000001461,2071,'San Alberto',22,'2022-08-06 00:57:37','2022-08-06 00:57:37'),(0000001462,2075,'San Diego',22,'2022-08-06 00:57:37','2022-08-06 00:57:37'),(0000001463,2077,'San Martín',22,'2022-08-06 00:57:37','2022-08-06 00:57:37'),(0000001464,20787,'Tamalameque',22,'2022-08-06 00:57:37','2022-08-06 00:57:37'),(0000001465,20614,'Río de Oro',22,'2022-08-06 00:57:37','2022-08-06 00:57:37'),(0000001466,204,'La Jagua de Ibirico',22,'2022-08-06 00:57:37','2022-08-06 00:57:37'),(0000001467,27361,'Istmina',23,'2022-08-06 00:57:37','2022-08-06 00:57:37'),(0000001468,27001,'Quibdó',23,'2022-08-06 00:57:37','2022-08-06 00:57:37'),(0000001469,27006,'Acandí',23,'2022-08-06 00:57:37','2022-08-06 00:57:37'),(0000001470,27025,'Alto Baudo',23,'2022-08-06 00:57:37','2022-08-06 00:57:37'),(0000001471,2705,'Atrato',23,'2022-08-06 00:57:37','2022-08-06 00:57:37'),(0000001472,27073,'Bagadó',23,'2022-08-06 00:57:37','2022-08-06 00:57:37'),(0000001473,27075,'Bahía Solano',23,'2022-08-06 00:57:37','2022-08-06 00:57:37'),(0000001474,27077,'Bajo Baudó',23,'2022-08-06 00:57:37','2022-08-06 00:57:37'),(0000001475,27099,'Bojaya',23,'2022-08-06 00:57:37','2022-08-06 00:57:37'),(0000001476,2716,'Cértegui',23,'2022-08-06 00:57:37','2022-08-06 00:57:37'),(0000001477,27205,'Condoto',23,'2022-08-06 00:57:37','2022-08-06 00:57:37'),(0000001478,27372,'Juradó',23,'2022-08-06 00:57:37','2022-08-06 00:57:37'),(0000001479,27413,'Lloró',23,'2022-08-06 00:57:37','2022-08-06 00:57:37'),(0000001480,27425,'Medio Atrato',23,'2022-08-06 00:57:37','2022-08-06 00:57:37'),(0000001481,2743,'Medio Baudó',23,'2022-08-06 00:57:37','2022-08-06 00:57:37'),(0000001482,2745,'Medio San Juan',23,'2022-08-06 00:57:37','2022-08-06 00:57:37'),(0000001483,27491,'Nóvita',23,'2022-08-06 00:57:37','2022-08-06 00:57:37'),(0000001484,27495,'Nuquí',23,'2022-08-06 00:57:37','2022-08-06 00:57:37'),(0000001485,2758,'Río Iro',23,'2022-08-06 00:57:37','2022-08-06 00:57:37'),(0000001486,276,'Río Quito',23,'2022-08-06 00:57:37','2022-08-06 00:57:37'),(0000001487,27615,'Riosucio',23,'2022-08-06 00:57:37','2022-08-06 00:57:37'),(0000001488,27745,'Sipí',23,'2022-08-06 00:57:37','2022-08-06 00:57:37'),(0000001489,278,'Unguía',23,'2022-08-06 00:57:37','2022-08-06 00:57:37'),(0000001490,2725,'El Litoral del San Juan',23,'2022-08-06 00:57:37','2022-08-06 00:57:37'),(0000001491,27135,'El Cantón del San Pablo',23,'2022-08-06 00:57:37','2022-08-06 00:57:37'),(0000001492,27245,'El Carmen de Atrato',23,'2022-08-06 00:57:37','2022-08-06 00:57:37'),(0000001493,2766,'San José del Palmar',23,'2022-08-06 00:57:37','2022-08-06 00:57:37'),(0000001494,27086,'Belén de Bajira',23,'2022-08-06 00:57:37','2022-08-06 00:57:37'),(0000001495,2715,'Carmen del Darien',23,'2022-08-06 00:57:37','2022-08-06 00:57:37'),(0000001496,27787,'Tadó',23,'2022-08-06 00:57:37','2022-08-06 00:57:37'),(0000001497,2781,'Unión Panamericana',23,'2022-08-06 00:57:37','2022-08-06 00:57:37'),(0000001498,23675,'San Bernardo del Viento',24,'2022-08-06 00:57:37','2022-08-06 00:57:37'),(0000001499,23001,'Montería',24,'2022-08-06 00:57:37','2022-08-06 00:57:37'),(0000001500,23068,'Ayapel',24,'2022-08-06 00:57:37','2022-08-06 00:57:37'),(0000001501,23079,'Buenavista',24,'2022-08-06 00:57:37','2022-08-06 00:57:37'),(0000001502,2309,'Canalete',24,'2022-08-06 00:57:37','2022-08-06 00:57:37'),(0000001503,23162,'Cereté',24,'2022-08-06 00:57:37','2022-08-06 00:57:37'),(0000001504,23168,'Chimá',24,'2022-08-06 00:57:37','2022-08-06 00:57:37'),(0000001505,23182,'Chinú',24,'2022-08-06 00:57:37','2022-08-06 00:57:37'),(0000001506,233,'Cotorra',24,'2022-08-06 00:57:37','2022-08-06 00:57:37'),(0000001507,23417,'Lorica',24,'2022-08-06 00:57:37','2022-08-06 00:57:37'),(0000001508,23419,'Los Córdobas',24,'2022-08-06 00:57:37','2022-08-06 00:57:37'),(0000001509,23464,'Momil',24,'2022-08-06 00:57:37','2022-08-06 00:57:37'),(0000001510,235,'Moñitos',24,'2022-08-06 00:57:37','2022-08-06 00:57:37'),(0000001511,23555,'Planeta Rica',24,'2022-08-06 00:57:37','2022-08-06 00:57:37'),(0000001512,2357,'Pueblo Nuevo',24,'2022-08-06 00:57:37','2022-08-06 00:57:37'),(0000001513,23574,'Puerto Escondido',24,'2022-08-06 00:57:37','2022-08-06 00:57:37'),(0000001514,23586,'Purísima',24,'2022-08-06 00:57:37','2022-08-06 00:57:37'),(0000001515,2366,'Sahagún',24,'2022-08-06 00:57:37','2022-08-06 00:57:37'),(0000001516,2367,'San Andrés Sotavento',24,'2022-08-06 00:57:37','2022-08-06 00:57:37'),(0000001517,23672,'San Antero',24,'2022-08-06 00:57:37','2022-08-06 00:57:37'),(0000001518,23686,'San Pelayo',24,'2022-08-06 00:57:37','2022-08-06 00:57:37'),(0000001519,23807,'Tierralta',24,'2022-08-06 00:57:37','2022-08-06 00:57:37'),(0000001520,23815,'Tuchín',24,'2022-08-06 00:57:37','2022-08-06 00:57:37'),(0000001521,23855,'Valencia',24,'2022-08-06 00:57:37','2022-08-06 00:57:37'),(0000001522,23682,'San José de Uré',24,'2022-08-06 00:57:37','2022-08-06 00:57:37'),(0000001523,23189,'Ciénaga de Oro',24,'2022-08-06 00:57:37','2022-08-06 00:57:37'),(0000001524,23678,'San Carlos',24,'2022-08-06 00:57:37','2022-08-06 00:57:37'),(0000001525,23466,'Montelíbano',24,'2022-08-06 00:57:37','2022-08-06 00:57:37'),(0000001526,2335,'La Apartada',24,'2022-08-06 00:57:37','2022-08-06 00:57:37'),(0000001527,2358,'Puerto Libertador',24,'2022-08-06 00:57:37','2022-08-06 00:57:37'),(0000001528,25035,'Anapoima',25,'2022-08-06 00:57:37','2022-08-06 00:57:37'),(0000001529,25053,'Arbeláez',25,'2022-08-06 00:57:37','2022-08-06 00:57:37'),(0000001530,25086,'Beltrán',25,'2022-08-06 00:57:37','2022-08-06 00:57:37'),(0000001531,25095,'Bituima',25,'2022-08-06 00:57:37','2022-08-06 00:57:37'),(0000001532,25099,'Bojacá',25,'2022-08-06 00:57:37','2022-08-06 00:57:37'),(0000001533,2512,'Cabrera',25,'2022-08-06 00:57:37','2022-08-06 00:57:37'),(0000001534,25123,'Cachipay',25,'2022-08-06 00:57:37','2022-08-06 00:57:37'),(0000001535,25126,'Cajicá',25,'2022-08-06 00:57:37','2022-08-06 00:57:37'),(0000001536,25148,'Caparrapí',25,'2022-08-06 00:57:37','2022-08-06 00:57:37'),(0000001537,25151,'Caqueza',25,'2022-08-06 00:57:37','2022-08-06 00:57:37'),(0000001538,25168,'Chaguaní',25,'2022-08-06 00:57:37','2022-08-06 00:57:37'),(0000001539,25178,'Chipaque',25,'2022-08-06 00:57:37','2022-08-06 00:57:37'),(0000001540,25181,'Choachí',25,'2022-08-06 00:57:37','2022-08-06 00:57:37'),(0000001541,25183,'Chocontá',25,'2022-08-06 00:57:37','2022-08-06 00:57:37'),(0000001542,252,'Cogua',25,'2022-08-06 00:57:37','2022-08-06 00:57:37'),(0000001543,25214,'Cota',25,'2022-08-06 00:57:37','2022-08-06 00:57:37'),(0000001544,25224,'Cucunubá',25,'2022-08-06 00:57:37','2022-08-06 00:57:37'),(0000001545,25245,'El Colegio',25,'2022-08-06 00:57:37','2022-08-06 00:57:37'),(0000001546,2526,'El Rosal',25,'2022-08-06 00:57:37','2022-08-06 00:57:37'),(0000001547,25279,'Fomeque',25,'2022-08-06 00:57:37','2022-08-06 00:57:37'),(0000001548,25281,'Fosca',25,'2022-08-06 00:57:37','2022-08-06 00:57:37'),(0000001549,25286,'Funza',25,'2022-08-06 00:57:37','2022-08-06 00:57:37'),(0000001550,25288,'Fúquene',25,'2022-08-06 00:57:37','2022-08-06 00:57:37'),(0000001551,25293,'Gachala',25,'2022-08-06 00:57:37','2022-08-06 00:57:37'),(0000001552,25295,'Gachancipá',25,'2022-08-06 00:57:37','2022-08-06 00:57:37'),(0000001553,25297,'Gachetá',25,'2022-08-06 00:57:37','2022-08-06 00:57:37'),(0000001554,25307,'Girardot',25,'2022-08-06 00:57:37','2022-08-06 00:57:37'),(0000001555,25312,'Granada',25,'2022-08-06 00:57:37','2022-08-06 00:57:37'),(0000001556,25317,'Guachetá',25,'2022-08-06 00:57:37','2022-08-06 00:57:37'),(0000001557,2532,'Guaduas',25,'2022-08-06 00:57:37','2022-08-06 00:57:37'),(0000001558,25322,'Guasca',25,'2022-08-06 00:57:37','2022-08-06 00:57:37'),(0000001559,25324,'Guataquí',25,'2022-08-06 00:57:37','2022-08-06 00:57:37'),(0000001560,25326,'Guatavita',25,'2022-08-06 00:57:37','2022-08-06 00:57:37'),(0000001561,25335,'Guayabetal',25,'2022-08-06 00:57:37','2022-08-06 00:57:37'),(0000001562,25339,'Gutiérrez',25,'2022-08-06 00:57:37','2022-08-06 00:57:37'),(0000001563,25368,'Jerusalén',25,'2022-08-06 00:57:37','2022-08-06 00:57:37'),(0000001564,25372,'Junín',25,'2022-08-06 00:57:37','2022-08-06 00:57:37'),(0000001565,25377,'La Calera',25,'2022-08-06 00:57:37','2022-08-06 00:57:37'),(0000001566,25386,'La Mesa',25,'2022-08-06 00:57:37','2022-08-06 00:57:37'),(0000001567,25394,'La Palma',25,'2022-08-06 00:57:37','2022-08-06 00:57:37'),(0000001568,25398,'La Peña',25,'2022-08-06 00:57:37','2022-08-06 00:57:37'),(0000001569,25402,'La Vega',25,'2022-08-06 00:57:37','2022-08-06 00:57:37'),(0000001570,25407,'Lenguazaque',25,'2022-08-06 00:57:37','2022-08-06 00:57:37'),(0000001571,25426,'Macheta',25,'2022-08-06 00:57:37','2022-08-06 00:57:37'),(0000001572,2543,'Madrid',25,'2022-08-06 00:57:37','2022-08-06 00:57:37'),(0000001573,25436,'Manta',25,'2022-08-06 00:57:37','2022-08-06 00:57:37'),(0000001574,25438,'Medina',25,'2022-08-06 00:57:37','2022-08-06 00:57:37'),(0000001575,25473,'Mosquera',25,'2022-08-06 00:57:37','2022-08-06 00:57:37'),(0000001576,25483,'Nariño',25,'2022-08-06 00:57:37','2022-08-06 00:57:37'),(0000001577,25486,'Nemocón',25,'2022-08-06 00:57:37','2022-08-06 00:57:37'),(0000001578,25488,'Nilo',25,'2022-08-06 00:57:37','2022-08-06 00:57:37'),(0000001579,25489,'Nimaima',25,'2022-08-06 00:57:37','2022-08-06 00:57:37'),(0000001580,25491,'Nocaima',25,'2022-08-06 00:57:37','2022-08-06 00:57:37'),(0000001581,25506,'Venecia',25,'2022-08-06 00:57:37','2022-08-06 00:57:37'),(0000001582,25513,'Pacho',25,'2022-08-06 00:57:37','2022-08-06 00:57:37'),(0000001583,25518,'Paime',25,'2022-08-06 00:57:37','2022-08-06 00:57:37'),(0000001584,25524,'Pandi',25,'2022-08-06 00:57:37','2022-08-06 00:57:37'),(0000001585,2553,'Paratebueno',25,'2022-08-06 00:57:37','2022-08-06 00:57:37'),(0000001586,25535,'Pasca',25,'2022-08-06 00:57:37','2022-08-06 00:57:37'),(0000001587,25572,'Puerto Salgar',25,'2022-08-06 00:57:37','2022-08-06 00:57:37'),(0000001588,2558,'Pulí',25,'2022-08-06 00:57:37','2022-08-06 00:57:37'),(0000001589,25592,'Quebradanegra',25,'2022-08-06 00:57:37','2022-08-06 00:57:37'),(0000001590,25594,'Quetame',25,'2022-08-06 00:57:37','2022-08-06 00:57:37'),(0000001591,25596,'Quipile',25,'2022-08-06 00:57:37','2022-08-06 00:57:37'),(0000001592,25599,'Apulo',25,'2022-08-06 00:57:37','2022-08-06 00:57:37'),(0000001593,25612,'Ricaurte',25,'2022-08-06 00:57:37','2022-08-06 00:57:37'),(0000001594,25649,'San Bernardo',25,'2022-08-06 00:57:37','2022-08-06 00:57:37'),(0000001595,25653,'San Cayetano',25,'2022-08-06 00:57:37','2022-08-06 00:57:37'),(0000001596,25658,'San Francisco',25,'2022-08-06 00:57:37','2022-08-06 00:57:37'),(0000001597,25736,'Sesquilé',25,'2022-08-06 00:57:37','2022-08-06 00:57:37'),(0000001598,2574,'Sibaté',25,'2022-08-06 00:57:37','2022-08-06 00:57:37'),(0000001599,25743,'Silvania',25,'2022-08-06 00:57:37','2022-08-06 00:57:37'),(0000001600,25745,'Simijaca',25,'2022-08-06 00:57:37','2022-08-06 00:57:37'),(0000001601,25754,'Soacha',25,'2022-08-06 00:57:37','2022-08-06 00:57:37'),(0000001602,25769,'Subachoque',25,'2022-08-06 00:57:37','2022-08-06 00:57:37'),(0000001603,25772,'Suesca',25,'2022-08-06 00:57:37','2022-08-06 00:57:37'),(0000001604,25777,'Supatá',25,'2022-08-06 00:57:37','2022-08-06 00:57:37'),(0000001605,25779,'Susa',25,'2022-08-06 00:57:37','2022-08-06 00:57:37'),(0000001606,25781,'Sutatausa',25,'2022-08-06 00:57:37','2022-08-06 00:57:37'),(0000001607,25785,'Tabio',25,'2022-08-06 00:57:37','2022-08-06 00:57:37'),(0000001608,25793,'Tausa',25,'2022-08-06 00:57:37','2022-08-06 00:57:37'),(0000001609,25797,'Tena',25,'2022-08-06 00:57:38','2022-08-06 00:57:38'),(0000001610,25799,'Tenjo',25,'2022-08-06 00:57:38','2022-08-06 00:57:38'),(0000001611,25805,'Tibacuy',25,'2022-08-06 00:57:38','2022-08-06 00:57:38'),(0000001612,25807,'Tibirita',25,'2022-08-06 00:57:38','2022-08-06 00:57:38'),(0000001613,25815,'Tocaima',25,'2022-08-06 00:57:38','2022-08-06 00:57:38'),(0000001614,25817,'Tocancipá',25,'2022-08-06 00:57:38','2022-08-06 00:57:38'),(0000001615,25823,'Topaipí',25,'2022-08-06 00:57:38','2022-08-06 00:57:38'),(0000001616,25839,'Ubalá',25,'2022-08-06 00:57:38','2022-08-06 00:57:38'),(0000001617,25841,'Ubaque',25,'2022-08-06 00:57:38','2022-08-06 00:57:38'),(0000001618,25845,'Une',25,'2022-08-06 00:57:38','2022-08-06 00:57:38'),(0000001619,25851,'Útica',25,'2022-08-06 00:57:38','2022-08-06 00:57:38'),(0000001620,25867,'Vianí',25,'2022-08-06 00:57:38','2022-08-06 00:57:38'),(0000001621,25871,'Villagómez',25,'2022-08-06 00:57:38','2022-08-06 00:57:38'),(0000001622,25873,'Villapinzón',25,'2022-08-06 00:57:38','2022-08-06 00:57:38'),(0000001623,25875,'Villeta',25,'2022-08-06 00:57:38','2022-08-06 00:57:38'),(0000001624,25878,'Viotá',25,'2022-08-06 00:57:38','2022-08-06 00:57:38'),(0000001625,25898,'Zipacón',25,'2022-08-06 00:57:38','2022-08-06 00:57:38'),(0000001626,25662,'San Juan de Río Seco',25,'2022-08-06 00:57:38','2022-08-06 00:57:38'),(0000001627,25843,'Villa de San Diego de Ubate',25,'2022-08-06 00:57:38','2022-08-06 00:57:38'),(0000001628,25328,'Guayabal de Siquima',25,'2022-08-06 00:57:38','2022-08-06 00:57:38'),(0000001629,25645,'San Antonio del Tequendama',25,'2022-08-06 00:57:38','2022-08-06 00:57:38'),(0000001630,25001,'Agua de Dios',25,'2022-08-06 00:57:38','2022-08-06 00:57:38'),(0000001631,25154,'Carmen de Carupa',25,'2022-08-06 00:57:38','2022-08-06 00:57:38'),(0000001632,25862,'Vergara',25,'2022-08-06 00:57:38','2022-08-06 00:57:38'),(0000001633,25019,'Albán',25,'2022-08-06 00:57:38','2022-08-06 00:57:38'),(0000001634,2504,'Anolaima',25,'2022-08-06 00:57:38','2022-08-06 00:57:38'),(0000001635,25175,'Chía',25,'2022-08-06 00:57:38','2022-08-06 00:57:38'),(0000001636,25258,'El Peñón',25,'2022-08-06 00:57:38','2022-08-06 00:57:38'),(0000001637,25758,'Sopó',25,'2022-08-06 00:57:38','2022-08-06 00:57:38'),(0000001638,25299,'Gama',25,'2022-08-06 00:57:38','2022-08-06 00:57:38'),(0000001639,25718,'Sasaima',25,'2022-08-06 00:57:38','2022-08-06 00:57:38'),(0000001640,25885,'Yacopí',25,'2022-08-06 00:57:38','2022-08-06 00:57:38'),(0000001641,2529,'Fusagasugá',25,'2022-08-06 00:57:38','2022-08-06 00:57:38'),(0000001642,25899,'Zipaquirá',25,'2022-08-06 00:57:38','2022-08-06 00:57:38'),(0000001643,25269,'Facatativá',25,'2022-08-06 00:57:38','2022-08-06 00:57:38'),(0000001644,94001,'Inírida',26,'2022-08-06 00:57:38','2022-08-06 00:57:38'),(0000001645,94343,'Barranco Minas',26,'2022-08-06 00:57:38','2022-08-06 00:57:38'),(0000001646,94663,'Mapiripana',26,'2022-08-06 00:57:38','2022-08-06 00:57:38'),(0000001647,94883,'San Felipe',26,'2022-08-06 00:57:38','2022-08-06 00:57:38'),(0000001648,94884,'Puerto Colombia',26,'2022-08-06 00:57:38','2022-08-06 00:57:38'),(0000001649,94885,'La Guadalupe',26,'2022-08-06 00:57:38','2022-08-06 00:57:38'),(0000001650,94886,'Cacahual',26,'2022-08-06 00:57:38','2022-08-06 00:57:38'),(0000001651,94887,'Pana Pana',26,'2022-08-06 00:57:38','2022-08-06 00:57:38'),(0000001652,94888,'Morichal',26,'2022-08-06 00:57:38','2022-08-06 00:57:38'),(0000001653,95015,'Calamar',27,'2022-08-06 00:57:38','2022-08-06 00:57:38'),(0000001654,95001,'San José del Guaviare',27,'2022-08-06 00:57:38','2022-08-06 00:57:38'),(0000001655,952,'Miraflores',27,'2022-08-06 00:57:38','2022-08-06 00:57:38'),(0000001656,95025,'El Retorno',27,'2022-08-06 00:57:38','2022-08-06 00:57:38'),(0000001657,41001,'Neiva',28,'2022-08-06 00:57:38','2022-08-06 00:57:38'),(0000001658,41006,'Acevedo',28,'2022-08-06 00:57:38','2022-08-06 00:57:38'),(0000001659,41013,'Agrado',28,'2022-08-06 00:57:38','2022-08-06 00:57:38'),(0000001660,41016,'Aipe',28,'2022-08-06 00:57:38','2022-08-06 00:57:38'),(0000001661,4102,'Algeciras',28,'2022-08-06 00:57:38','2022-08-06 00:57:38'),(0000001662,41026,'Altamira',28,'2022-08-06 00:57:38','2022-08-06 00:57:38'),(0000001663,41078,'Baraya',28,'2022-08-06 00:57:38','2022-08-06 00:57:38'),(0000001664,41132,'Campoalegre',28,'2022-08-06 00:57:38','2022-08-06 00:57:38'),(0000001665,41206,'Colombia',28,'2022-08-06 00:57:38','2022-08-06 00:57:38'),(0000001666,41244,'Elías',28,'2022-08-06 00:57:38','2022-08-06 00:57:38'),(0000001667,41298,'Garzón',28,'2022-08-06 00:57:38','2022-08-06 00:57:38'),(0000001668,41306,'Gigante',28,'2022-08-06 00:57:38','2022-08-06 00:57:38'),(0000001669,41319,'Guadalupe',28,'2022-08-06 00:57:38','2022-08-06 00:57:38'),(0000001670,41349,'Hobo',28,'2022-08-06 00:57:38','2022-08-06 00:57:38'),(0000001671,41357,'Iquira',28,'2022-08-06 00:57:38','2022-08-06 00:57:38'),(0000001672,41359,'Isnos',28,'2022-08-06 00:57:38','2022-08-06 00:57:38'),(0000001673,41378,'La Argentina',28,'2022-08-06 00:57:38','2022-08-06 00:57:38'),(0000001674,41396,'La Plata',28,'2022-08-06 00:57:38','2022-08-06 00:57:38'),(0000001675,41483,'Nátaga',28,'2022-08-06 00:57:38','2022-08-06 00:57:38'),(0000001676,41503,'Oporapa',28,'2022-08-06 00:57:38','2022-08-06 00:57:38'),(0000001677,41518,'Paicol',28,'2022-08-06 00:57:38','2022-08-06 00:57:38'),(0000001678,41524,'Palermo',28,'2022-08-06 00:57:38','2022-08-06 00:57:38'),(0000001679,4153,'Palestina',28,'2022-08-06 00:57:38','2022-08-06 00:57:38'),(0000001680,41548,'Pital',28,'2022-08-06 00:57:38','2022-08-06 00:57:38'),(0000001681,41551,'Pitalito',28,'2022-08-06 00:57:38','2022-08-06 00:57:38'),(0000001682,41615,'Rivera',28,'2022-08-06 00:57:38','2022-08-06 00:57:38'),(0000001683,4166,'Saladoblanco',28,'2022-08-06 00:57:38','2022-08-06 00:57:38'),(0000001684,41676,'Santa María',28,'2022-08-06 00:57:38','2022-08-06 00:57:38'),(0000001685,4177,'Suaza',28,'2022-08-06 00:57:38','2022-08-06 00:57:38'),(0000001686,41791,'Tarqui',28,'2022-08-06 00:57:38','2022-08-06 00:57:38'),(0000001687,41797,'Tesalia',28,'2022-08-06 00:57:38','2022-08-06 00:57:38'),(0000001688,41799,'Tello',28,'2022-08-06 00:57:38','2022-08-06 00:57:38'),(0000001689,41801,'Teruel',28,'2022-08-06 00:57:38','2022-08-06 00:57:38'),(0000001690,41807,'Timaná',28,'2022-08-06 00:57:38','2022-08-06 00:57:38'),(0000001691,41872,'Villavieja',28,'2022-08-06 00:57:38','2022-08-06 00:57:38'),(0000001692,41885,'Yaguará',28,'2022-08-06 00:57:38','2022-08-06 00:57:38'),(0000001693,41668,'San Agustín',28,'2022-08-06 00:57:38','2022-08-06 00:57:38'),(0000001694,44001,'Riohacha',29,'2022-08-06 00:57:38','2022-08-06 00:57:38'),(0000001695,44035,'Albania',29,'2022-08-06 00:57:38','2022-08-06 00:57:38'),(0000001696,44078,'Barrancas',29,'2022-08-06 00:57:38','2022-08-06 00:57:38'),(0000001697,4409,'Dibula',29,'2022-08-06 00:57:38','2022-08-06 00:57:38'),(0000001698,44098,'Distracción',29,'2022-08-06 00:57:38','2022-08-06 00:57:38'),(0000001699,4411,'El Molino',29,'2022-08-06 00:57:38','2022-08-06 00:57:38'),(0000001700,44279,'Fonseca',29,'2022-08-06 00:57:38','2022-08-06 00:57:38'),(0000001701,44378,'Hatonuevo',29,'2022-08-06 00:57:38','2022-08-06 00:57:38'),(0000001702,4443,'Maicao',29,'2022-08-06 00:57:38','2022-08-06 00:57:38'),(0000001703,4456,'Manaure',29,'2022-08-06 00:57:38','2022-08-06 00:57:38'),(0000001704,44847,'Uribia',29,'2022-08-06 00:57:38','2022-08-06 00:57:38'),(0000001705,44855,'Urumita',29,'2022-08-06 00:57:38','2022-08-06 00:57:38'),(0000001706,44874,'Villanueva',29,'2022-08-06 00:57:38','2022-08-06 00:57:38'),(0000001707,4442,'La Jagua del Pilar',29,'2022-08-06 00:57:38','2022-08-06 00:57:38'),(0000001708,4465,'San Juan del Cesar',29,'2022-08-06 00:57:38','2022-08-06 00:57:38'),(0000001709,47001,'Santa Marta',30,'2022-08-06 00:57:38','2022-08-06 00:57:38'),(0000001710,4703,'Algarrobo',30,'2022-08-06 00:57:38','2022-08-06 00:57:38'),(0000001711,47053,'Aracataca',30,'2022-08-06 00:57:38','2022-08-06 00:57:38'),(0000001712,47058,'Ariguaní',30,'2022-08-06 00:57:38','2022-08-06 00:57:38'),(0000001713,47161,'Cerro San Antonio',30,'2022-08-06 00:57:38','2022-08-06 00:57:38'),(0000001714,4717,'Chivolo',30,'2022-08-06 00:57:38','2022-08-06 00:57:38'),(0000001715,47205,'Concordia',30,'2022-08-06 00:57:38','2022-08-06 00:57:38'),(0000001716,47245,'El Banco',30,'2022-08-06 00:57:38','2022-08-06 00:57:38'),(0000001717,47258,'El Piñon',30,'2022-08-06 00:57:38','2022-08-06 00:57:38'),(0000001718,47268,'El Retén',30,'2022-08-06 00:57:38','2022-08-06 00:57:38'),(0000001719,47288,'Fundación',30,'2022-08-06 00:57:38','2022-08-06 00:57:38'),(0000001720,47318,'Guamal',30,'2022-08-06 00:57:38','2022-08-06 00:57:38'),(0000001721,4746,'Nueva Granada',30,'2022-08-06 00:57:38','2022-08-06 00:57:38'),(0000001722,47541,'Pedraza',30,'2022-08-06 00:57:38','2022-08-06 00:57:38'),(0000001723,47551,'Pivijay',30,'2022-08-06 00:57:38','2022-08-06 00:57:38'),(0000001724,47555,'Plato',30,'2022-08-06 00:57:38','2022-08-06 00:57:38'),(0000001725,47605,'Remolino',30,'2022-08-06 00:57:38','2022-08-06 00:57:38'),(0000001726,47675,'Salamina',30,'2022-08-06 00:57:38','2022-08-06 00:57:38'),(0000001727,47703,'San Zenón',30,'2022-08-06 00:57:38','2022-08-06 00:57:38'),(0000001728,47707,'Santa Ana',30,'2022-08-06 00:57:38','2022-08-06 00:57:38'),(0000001729,47745,'Sitionuevo',30,'2022-08-06 00:57:38','2022-08-06 00:57:38'),(0000001730,47798,'Tenerife',30,'2022-08-06 00:57:38','2022-08-06 00:57:38'),(0000001731,4796,'Zapayán',30,'2022-08-06 00:57:38','2022-08-06 00:57:38'),(0000001732,4798,'Zona Bananera',30,'2022-08-06 00:57:38','2022-08-06 00:57:38'),(0000001733,47692,'San Sebastián de Buenavista',30,'2022-08-06 00:57:38','2022-08-06 00:57:38'),(0000001734,4766,'Sabanas de San Angel',30,'2022-08-06 00:57:38','2022-08-06 00:57:38'),(0000001735,47545,'Pijiño del Carmen',30,'2022-08-06 00:57:38','2022-08-06 00:57:38'),(0000001736,4772,'Santa Bárbara de Pinto',30,'2022-08-06 00:57:38','2022-08-06 00:57:38'),(0000001737,4757,'Pueblo Viejo',30,'2022-08-06 00:57:38','2022-08-06 00:57:38'),(0000001738,47189,'Ciénaga',30,'2022-08-06 00:57:38','2022-08-06 00:57:38'),(0000001739,5037,'Uribe',31,'2022-08-06 00:57:38','2022-08-06 00:57:38'),(0000001740,50001,'Villavicencio',31,'2022-08-06 00:57:38','2022-08-06 00:57:38'),(0000001741,50006,'Acacias',31,'2022-08-06 00:57:38','2022-08-06 00:57:38'),(0000001742,50124,'Cabuyaro',31,'2022-08-06 00:57:38','2022-08-06 00:57:38'),(0000001743,50223,'Cubarral',31,'2022-08-06 00:57:38','2022-08-06 00:57:38'),(0000001744,50226,'Cumaral',31,'2022-08-06 00:57:38','2022-08-06 00:57:38'),(0000001745,50245,'El Calvario',31,'2022-08-06 00:57:38','2022-08-06 00:57:38'),(0000001746,50251,'El Castillo',31,'2022-08-06 00:57:38','2022-08-06 00:57:38'),(0000001747,5027,'El Dorado',31,'2022-08-06 00:57:38','2022-08-06 00:57:38'),(0000001748,50313,'Granada',31,'2022-08-06 00:57:38','2022-08-06 00:57:38'),(0000001749,50318,'Guamal',31,'2022-08-06 00:57:38','2022-08-06 00:57:38'),(0000001750,50325,'Mapiripán',31,'2022-08-06 00:57:38','2022-08-06 00:57:38'),(0000001751,5033,'Mesetas',31,'2022-08-06 00:57:38','2022-08-06 00:57:38'),(0000001752,5035,'La Macarena',31,'2022-08-06 00:57:38','2022-08-06 00:57:38'),(0000001753,504,'Lejanías',31,'2022-08-06 00:57:38','2022-08-06 00:57:38'),(0000001754,5045,'Puerto Concordia',31,'2022-08-06 00:57:38','2022-08-06 00:57:38'),(0000001755,50568,'Puerto Gaitán',31,'2022-08-06 00:57:38','2022-08-06 00:57:38'),(0000001756,50573,'Puerto López',31,'2022-08-06 00:57:38','2022-08-06 00:57:38'),(0000001757,50577,'Puerto Lleras',31,'2022-08-06 00:57:38','2022-08-06 00:57:38'),(0000001758,5059,'Puerto Rico',31,'2022-08-06 00:57:38','2022-08-06 00:57:38'),(0000001759,50606,'Restrepo',31,'2022-08-06 00:57:38','2022-08-06 00:57:38'),(0000001760,50686,'San Juanito',31,'2022-08-06 00:57:38','2022-08-06 00:57:38'),(0000001761,50689,'San Martín',31,'2022-08-06 00:57:38','2022-08-06 00:57:38'),(0000001762,50711,'Vista Hermosa',31,'2022-08-06 00:57:38','2022-08-06 00:57:38'),(0000001763,5011,'Barranca de Upía',31,'2022-08-06 00:57:38','2022-08-06 00:57:38'),(0000001764,50287,'Fuente de Oro',31,'2022-08-06 00:57:38','2022-08-06 00:57:38'),(0000001765,5068,'San Carlos de Guaroa',31,'2022-08-06 00:57:38','2022-08-06 00:57:38'),(0000001766,50683,'San Juan de Arama',31,'2022-08-06 00:57:38','2022-08-06 00:57:38'),(0000001767,5015,'Castilla la Nueva',31,'2022-08-06 00:57:38','2022-08-06 00:57:38'),(0000001768,52699,'Santacruz',32,'2022-08-06 00:57:38','2022-08-06 00:57:38'),(0000001769,52001,'Pasto',32,'2022-08-06 00:57:38','2022-08-06 00:57:38'),(0000001770,52019,'Albán',32,'2022-08-06 00:57:38','2022-08-06 00:57:38'),(0000001771,52022,'Aldana',32,'2022-08-06 00:57:38','2022-08-06 00:57:38'),(0000001772,52036,'Ancuyá',32,'2022-08-06 00:57:38','2022-08-06 00:57:38'),(0000001773,52079,'Barbacoas',32,'2022-08-06 00:57:38','2022-08-06 00:57:38'),(0000001774,52203,'Colón',32,'2022-08-06 00:57:38','2022-08-06 00:57:38'),(0000001775,52207,'Consaca',32,'2022-08-06 00:57:38','2022-08-06 00:57:38'),(0000001776,5221,'Contadero',32,'2022-08-06 00:57:38','2022-08-06 00:57:38'),(0000001777,52215,'Córdoba',32,'2022-08-06 00:57:38','2022-08-06 00:57:38'),(0000001778,52224,'Cuaspud',32,'2022-08-06 00:57:38','2022-08-06 00:57:38'),(0000001779,52227,'Cumbal',32,'2022-08-06 00:57:38','2022-08-06 00:57:38'),(0000001780,52233,'Cumbitara',32,'2022-08-06 00:57:38','2022-08-06 00:57:38'),(0000001781,5225,'El Charco',32,'2022-08-06 00:57:38','2022-08-06 00:57:38'),(0000001782,52254,'El Peñol',32,'2022-08-06 00:57:38','2022-08-06 00:57:38'),(0000001783,52256,'El Rosario',32,'2022-08-06 00:57:38','2022-08-06 00:57:38'),(0000001784,5226,'El Tambo',32,'2022-08-06 00:57:38','2022-08-06 00:57:38'),(0000001785,52287,'Funes',32,'2022-08-06 00:57:38','2022-08-06 00:57:38'),(0000001786,52317,'Guachucal',32,'2022-08-06 00:57:38','2022-08-06 00:57:38'),(0000001787,5232,'Guaitarilla',32,'2022-08-06 00:57:38','2022-08-06 00:57:38'),(0000001788,52323,'Gualmatán',32,'2022-08-06 00:57:38','2022-08-06 00:57:38'),(0000001789,52352,'Iles',32,'2022-08-06 00:57:38','2022-08-06 00:57:38'),(0000001790,52354,'Imués',32,'2022-08-06 00:57:38','2022-08-06 00:57:38'),(0000001791,52356,'Ipiales',32,'2022-08-06 00:57:38','2022-08-06 00:57:38'),(0000001792,52378,'La Cruz',32,'2022-08-06 00:57:38','2022-08-06 00:57:38'),(0000001793,52381,'La Florida',32,'2022-08-06 00:57:38','2022-08-06 00:57:38'),(0000001794,52385,'La Llanada',32,'2022-08-06 00:57:38','2022-08-06 00:57:38'),(0000001795,5239,'La Tola',32,'2022-08-06 00:57:38','2022-08-06 00:57:38'),(0000001796,52399,'La Unión',32,'2022-08-06 00:57:38','2022-08-06 00:57:38'),(0000001797,52405,'Leiva',32,'2022-08-06 00:57:38','2022-08-06 00:57:38'),(0000001798,52411,'Linares',32,'2022-08-06 00:57:38','2022-08-06 00:57:38'),(0000001799,52418,'Los Andes',32,'2022-08-06 00:57:38','2022-08-06 00:57:38'),(0000001800,52427,'Magüí',32,'2022-08-06 00:57:38','2022-08-06 00:57:38'),(0000001801,52435,'Mallama',32,'2022-08-06 00:57:38','2022-08-06 00:57:38'),(0000001802,52473,'Mosquera',32,'2022-08-06 00:57:38','2022-08-06 00:57:38'),(0000001803,5248,'Nariño',32,'2022-08-06 00:57:38','2022-08-06 00:57:38'),(0000001804,5249,'Olaya Herrera',32,'2022-08-06 00:57:38','2022-08-06 00:57:38'),(0000001805,52506,'Ospina',32,'2022-08-06 00:57:38','2022-08-06 00:57:38'),(0000001806,5252,'Francisco Pizarro',32,'2022-08-06 00:57:38','2022-08-06 00:57:38'),(0000001807,5254,'Policarpa',32,'2022-08-06 00:57:38','2022-08-06 00:57:38'),(0000001808,5256,'Potosí',32,'2022-08-06 00:57:38','2022-08-06 00:57:38'),(0000001809,52565,'Providencia',32,'2022-08-06 00:57:38','2022-08-06 00:57:38'),(0000001810,52573,'Puerres',32,'2022-08-06 00:57:38','2022-08-06 00:57:38'),(0000001811,52585,'Pupiales',32,'2022-08-06 00:57:38','2022-08-06 00:57:38'),(0000001812,52612,'Ricaurte',32,'2022-08-06 00:57:38','2022-08-06 00:57:38'),(0000001813,52621,'Roberto Payán',32,'2022-08-06 00:57:38','2022-08-06 00:57:38'),(0000001814,52678,'Samaniego',32,'2022-08-06 00:57:38','2022-08-06 00:57:38'),(0000001815,52683,'Sandoná',32,'2022-08-06 00:57:38','2022-08-06 00:57:38'),(0000001816,52685,'San Bernardo',32,'2022-08-06 00:57:38','2022-08-06 00:57:38'),(0000001817,52687,'San Lorenzo',32,'2022-08-06 00:57:38','2022-08-06 00:57:38'),(0000001818,52693,'San Pablo',32,'2022-08-06 00:57:38','2022-08-06 00:57:38'),(0000001819,52696,'Santa Bárbara',32,'2022-08-06 00:57:38','2022-08-06 00:57:38'),(0000001820,5272,'Sapuyes',32,'2022-08-06 00:57:38','2022-08-06 00:57:38'),(0000001821,52786,'Taminango',32,'2022-08-06 00:57:38','2022-08-06 00:57:38'),(0000001822,52788,'Tangua',32,'2022-08-06 00:57:38','2022-08-06 00:57:38'),(0000001823,52838,'Túquerres',32,'2022-08-06 00:57:38','2022-08-06 00:57:38'),(0000001824,52885,'Yacuanquer',32,'2022-08-06 00:57:38','2022-08-06 00:57:38'),(0000001825,52694,'San Pedro de Cartago',32,'2022-08-06 00:57:38','2022-08-06 00:57:38'),(0000001826,52258,'El Tablón de Gómez',32,'2022-08-06 00:57:38','2022-08-06 00:57:38'),(0000001827,5211,'Buesaco',32,'2022-08-06 00:57:38','2022-08-06 00:57:38'),(0000001828,52835,'San Andrés de Tumaco',32,'2022-08-06 00:57:38','2022-08-06 00:57:38'),(0000001829,52083,'Belén',32,'2022-08-06 00:57:38','2022-08-06 00:57:38'),(0000001830,5224,'Chachagüí',32,'2022-08-06 00:57:38','2022-08-06 00:57:38'),(0000001831,52051,'Arboleda',32,'2022-08-06 00:57:38','2022-08-06 00:57:38'),(0000001832,54743,'Silos',33,'2022-08-06 00:57:38','2022-08-06 00:57:38'),(0000001833,54125,'Cácota',33,'2022-08-06 00:57:38','2022-08-06 00:57:38'),(0000001834,5482,'Toledo',33,'2022-08-06 00:57:38','2022-08-06 00:57:38'),(0000001835,5448,'Mutiscua',33,'2022-08-06 00:57:38','2022-08-06 00:57:38'),(0000001836,54261,'El Zulia',33,'2022-08-06 00:57:38','2022-08-06 00:57:38'),(0000001837,5466,'Salazar',33,'2022-08-06 00:57:38','2022-08-06 00:57:38'),(0000001838,54223,'Cucutilla',33,'2022-08-06 00:57:38','2022-08-06 00:57:38'),(0000001839,54553,'Puerto Santander',33,'2022-08-06 00:57:38','2022-08-06 00:57:38'),(0000001840,54313,'Gramalote',33,'2022-08-06 00:57:38','2022-08-06 00:57:38'),(0000001841,5425,'El Tarra',33,'2022-08-06 00:57:38','2022-08-06 00:57:38'),(0000001842,548,'Teorama',33,'2022-08-06 00:57:38','2022-08-06 00:57:38'),(0000001843,54051,'Arboledas',33,'2022-08-06 00:57:38','2022-08-06 00:57:38'),(0000001844,54418,'Lourdes',33,'2022-08-06 00:57:38','2022-08-06 00:57:38'),(0000001845,54099,'Bochalema',33,'2022-08-06 00:57:38','2022-08-06 00:57:38'),(0000001846,54206,'Convención',33,'2022-08-06 00:57:38','2022-08-06 00:57:38'),(0000001847,54344,'Hacarí',33,'2022-08-06 00:57:38','2022-08-06 00:57:38'),(0000001848,54347,'Herrán',33,'2022-08-06 00:57:38','2022-08-06 00:57:38'),(0000001849,5481,'Tibú',33,'2022-08-06 00:57:38','2022-08-06 00:57:38'),(0000001850,54673,'San Cayetano',33,'2022-08-06 00:57:38','2022-08-06 00:57:38'),(0000001851,5467,'San Calixto',33,'2022-08-06 00:57:38','2022-08-06 00:57:38'),(0000001852,54398,'La Playa',33,'2022-08-06 00:57:38','2022-08-06 00:57:38'),(0000001853,54172,'Chinácota',33,'2022-08-06 00:57:38','2022-08-06 00:57:38'),(0000001854,54599,'Ragonvalia',33,'2022-08-06 00:57:38','2022-08-06 00:57:38'),(0000001855,54385,'La Esperanza',33,'2022-08-06 00:57:38','2022-08-06 00:57:38'),(0000001856,54874,'Villa del Rosario',33,'2022-08-06 00:57:38','2022-08-06 00:57:38'),(0000001857,54174,'Chitagá',33,'2022-08-06 00:57:38','2022-08-06 00:57:38'),(0000001858,5472,'Sardinata',33,'2022-08-06 00:57:38','2022-08-06 00:57:38'),(0000001859,54003,'Abrego',33,'2022-08-06 00:57:38','2022-08-06 00:57:38'),(0000001860,54405,'Los Patios',33,'2022-08-06 00:57:38','2022-08-06 00:57:38'),(0000001861,54498,'Ocaña',33,'2022-08-06 00:57:38','2022-08-06 00:57:38'),(0000001862,54109,'Bucarasica',33,'2022-08-06 00:57:38','2022-08-06 00:57:38'),(0000001863,5468,'Santiago',33,'2022-08-06 00:57:38','2022-08-06 00:57:38'),(0000001864,54377,'Labateca',33,'2022-08-06 00:57:39','2022-08-06 00:57:39'),(0000001865,54128,'Cachirá',33,'2022-08-06 00:57:39','2022-08-06 00:57:39'),(0000001866,54871,'Villa Caro',33,'2022-08-06 00:57:39','2022-08-06 00:57:39'),(0000001867,54239,'Durania',33,'2022-08-06 00:57:39','2022-08-06 00:57:39'),(0000001868,54518,'Pamplona',33,'2022-08-06 00:57:39','2022-08-06 00:57:39'),(0000001869,5452,'Pamplonita',33,'2022-08-06 00:57:39','2022-08-06 00:57:39'),(0000001870,54001,'Cúcuta',33,'2022-08-06 00:57:39','2022-08-06 00:57:39'),(0000001871,54245,'El Carmen',33,'2022-08-06 00:57:39','2022-08-06 00:57:39'),(0000001872,86001,'Mocoa',34,'2022-08-06 00:57:39','2022-08-06 00:57:39'),(0000001873,86219,'Colón',34,'2022-08-06 00:57:39','2022-08-06 00:57:39'),(0000001874,8632,'Orito',34,'2022-08-06 00:57:39','2022-08-06 00:57:39'),(0000001875,86569,'Puerto Caicedo',34,'2022-08-06 00:57:39','2022-08-06 00:57:39'),(0000001876,86571,'Puerto Guzmán',34,'2022-08-06 00:57:39','2022-08-06 00:57:39'),(0000001877,86573,'Leguízamo',34,'2022-08-06 00:57:39','2022-08-06 00:57:39'),(0000001878,86749,'Sibundoy',34,'2022-08-06 00:57:39','2022-08-06 00:57:39'),(0000001879,86755,'San Francisco',34,'2022-08-06 00:57:39','2022-08-06 00:57:39'),(0000001880,86757,'San Miguel',34,'2022-08-06 00:57:39','2022-08-06 00:57:39'),(0000001881,8676,'Santiago',34,'2022-08-06 00:57:39','2022-08-06 00:57:39'),(0000001882,86865,'Valle de Guamez',34,'2022-08-06 00:57:39','2022-08-06 00:57:39'),(0000001883,86568,'Puerto Asís',34,'2022-08-06 00:57:39','2022-08-06 00:57:39'),(0000001884,86885,'Villagarzón',34,'2022-08-06 00:57:39','2022-08-06 00:57:39'),(0000001885,63001,'Armenia',35,'2022-08-06 00:57:39','2022-08-06 00:57:39'),(0000001886,63111,'Buenavista',35,'2022-08-06 00:57:39','2022-08-06 00:57:39'),(0000001887,6319,'Circasia',35,'2022-08-06 00:57:39','2022-08-06 00:57:39'),(0000001888,63212,'Córdoba',35,'2022-08-06 00:57:39','2022-08-06 00:57:39'),(0000001889,63272,'Filandia',35,'2022-08-06 00:57:39','2022-08-06 00:57:39'),(0000001890,63401,'La Tebaida',35,'2022-08-06 00:57:39','2022-08-06 00:57:39'),(0000001891,6347,'Montenegro',35,'2022-08-06 00:57:39','2022-08-06 00:57:39'),(0000001892,63548,'Pijao',35,'2022-08-06 00:57:39','2022-08-06 00:57:39'),(0000001893,63594,'Quimbaya',35,'2022-08-06 00:57:39','2022-08-06 00:57:39'),(0000001894,6369,'Salento',35,'2022-08-06 00:57:39','2022-08-06 00:57:39'),(0000001895,6313,'Calarcá',35,'2022-08-06 00:57:39','2022-08-06 00:57:39'),(0000001896,63302,'Génova',35,'2022-08-06 00:57:39','2022-08-06 00:57:39'),(0000001897,66001,'Pereira',36,'2022-08-06 00:57:39','2022-08-06 00:57:39'),(0000001898,66045,'Apía',36,'2022-08-06 00:57:39','2022-08-06 00:57:39'),(0000001899,66075,'Balboa',36,'2022-08-06 00:57:39','2022-08-06 00:57:39'),(0000001900,6617,'Dosquebradas',36,'2022-08-06 00:57:39','2022-08-06 00:57:39'),(0000001901,66318,'Guática',36,'2022-08-06 00:57:39','2022-08-06 00:57:39'),(0000001902,66383,'La Celia',36,'2022-08-06 00:57:39','2022-08-06 00:57:39'),(0000001903,664,'La Virginia',36,'2022-08-06 00:57:39','2022-08-06 00:57:39'),(0000001904,6644,'Marsella',36,'2022-08-06 00:57:39','2022-08-06 00:57:39'),(0000001905,66456,'Mistrató',36,'2022-08-06 00:57:39','2022-08-06 00:57:39'),(0000001906,66572,'Pueblo Rico',36,'2022-08-06 00:57:39','2022-08-06 00:57:39'),(0000001907,66594,'Quinchía',36,'2022-08-06 00:57:39','2022-08-06 00:57:39'),(0000001908,66687,'Santuario',36,'2022-08-06 00:57:39','2022-08-06 00:57:39'),(0000001909,66682,'Santa Rosa de Cabal',36,'2022-08-06 00:57:39','2022-08-06 00:57:39'),(0000001910,66088,'Belén de Umbría',36,'2022-08-06 00:57:39','2022-08-06 00:57:39'),(0000001911,68575,'Puerto Wilches',37,'2022-08-06 00:57:39','2022-08-06 00:57:39'),(0000001912,68573,'Puerto Parra',37,'2022-08-06 00:57:39','2022-08-06 00:57:39'),(0000001913,68001,'Bucaramanga',37,'2022-08-06 00:57:39','2022-08-06 00:57:39'),(0000001914,68013,'Aguada',37,'2022-08-06 00:57:39','2022-08-06 00:57:39'),(0000001915,6802,'Albania',37,'2022-08-06 00:57:39','2022-08-06 00:57:39'),(0000001916,68051,'Aratoca',37,'2022-08-06 00:57:39','2022-08-06 00:57:39'),(0000001917,68077,'Barbosa',37,'2022-08-06 00:57:39','2022-08-06 00:57:39'),(0000001918,68079,'Barichara',37,'2022-08-06 00:57:39','2022-08-06 00:57:39'),(0000001919,68081,'Barrancabermeja',37,'2022-08-06 00:57:39','2022-08-06 00:57:39'),(0000001920,68092,'Betulia',37,'2022-08-06 00:57:39','2022-08-06 00:57:39'),(0000001921,68101,'Bolívar',37,'2022-08-06 00:57:39','2022-08-06 00:57:39'),(0000001922,68121,'Cabrera',37,'2022-08-06 00:57:39','2022-08-06 00:57:39'),(0000001923,68132,'California',37,'2022-08-06 00:57:39','2022-08-06 00:57:39'),(0000001924,68152,'Carcasí',37,'2022-08-06 00:57:39','2022-08-06 00:57:39'),(0000001925,6816,'Cepitá',37,'2022-08-06 00:57:39','2022-08-06 00:57:39'),(0000001926,68162,'Cerrito',37,'2022-08-06 00:57:39','2022-08-06 00:57:39'),(0000001927,68167,'Charalá',37,'2022-08-06 00:57:39','2022-08-06 00:57:39'),(0000001928,68169,'Charta',37,'2022-08-06 00:57:39','2022-08-06 00:57:39'),(0000001929,68179,'Chipatá',37,'2022-08-06 00:57:39','2022-08-06 00:57:39'),(0000001930,6819,'Cimitarra',37,'2022-08-06 00:57:39','2022-08-06 00:57:39'),(0000001931,68207,'Concepción',37,'2022-08-06 00:57:39','2022-08-06 00:57:39'),(0000001932,68209,'Confines',37,'2022-08-06 00:57:39','2022-08-06 00:57:39'),(0000001933,68211,'Contratación',37,'2022-08-06 00:57:39','2022-08-06 00:57:39'),(0000001934,68217,'Coromoro',37,'2022-08-06 00:57:39','2022-08-06 00:57:39'),(0000001935,68229,'Curití',37,'2022-08-06 00:57:39','2022-08-06 00:57:39'),(0000001936,68245,'El Guacamayo',37,'2022-08-06 00:57:39','2022-08-06 00:57:39'),(0000001937,68255,'El Playón',37,'2022-08-06 00:57:39','2022-08-06 00:57:39'),(0000001938,68264,'Encino',37,'2022-08-06 00:57:39','2022-08-06 00:57:39'),(0000001939,68266,'Enciso',37,'2022-08-06 00:57:39','2022-08-06 00:57:39'),(0000001940,68271,'Florián',37,'2022-08-06 00:57:39','2022-08-06 00:57:39'),(0000001941,68276,'Floridablanca',37,'2022-08-06 00:57:39','2022-08-06 00:57:39'),(0000001942,68296,'Galán',37,'2022-08-06 00:57:39','2022-08-06 00:57:39'),(0000001943,68298,'Gambita',37,'2022-08-06 00:57:39','2022-08-06 00:57:39'),(0000001944,68307,'Girón',37,'2022-08-06 00:57:39','2022-08-06 00:57:39'),(0000001945,68318,'Guaca',37,'2022-08-06 00:57:39','2022-08-06 00:57:39'),(0000001946,6832,'Guadalupe',37,'2022-08-06 00:57:39','2022-08-06 00:57:39'),(0000001947,68322,'Guapotá',37,'2022-08-06 00:57:39','2022-08-06 00:57:39'),(0000001948,68324,'Guavatá',37,'2022-08-06 00:57:39','2022-08-06 00:57:39'),(0000001949,68327,'Güepsa',37,'2022-08-06 00:57:39','2022-08-06 00:57:39'),(0000001950,68368,'Jesús María',37,'2022-08-06 00:57:39','2022-08-06 00:57:39'),(0000001951,6837,'Jordán',37,'2022-08-06 00:57:39','2022-08-06 00:57:39'),(0000001952,68377,'La Belleza',37,'2022-08-06 00:57:39','2022-08-06 00:57:39'),(0000001953,68385,'Landázuri',37,'2022-08-06 00:57:39','2022-08-06 00:57:39'),(0000001954,68397,'La Paz',37,'2022-08-06 00:57:39','2022-08-06 00:57:39'),(0000001955,68406,'Lebríja',37,'2022-08-06 00:57:39','2022-08-06 00:57:39'),(0000001956,68418,'Los Santos',37,'2022-08-06 00:57:39','2022-08-06 00:57:39'),(0000001957,68425,'Macaravita',37,'2022-08-06 00:57:39','2022-08-06 00:57:39'),(0000001958,68432,'Málaga',37,'2022-08-06 00:57:39','2022-08-06 00:57:39'),(0000001959,68444,'Matanza',37,'2022-08-06 00:57:39','2022-08-06 00:57:39'),(0000001960,68464,'Mogotes',37,'2022-08-06 00:57:39','2022-08-06 00:57:39'),(0000001961,68468,'Molagavita',37,'2022-08-06 00:57:39','2022-08-06 00:57:39'),(0000001962,68498,'Ocamonte',37,'2022-08-06 00:57:39','2022-08-06 00:57:39'),(0000001963,685,'Oiba',37,'2022-08-06 00:57:39','2022-08-06 00:57:39'),(0000001964,68502,'Onzaga',37,'2022-08-06 00:57:39','2022-08-06 00:57:39'),(0000001965,68522,'Palmar',37,'2022-08-06 00:57:39','2022-08-06 00:57:39'),(0000001966,68533,'Páramo',37,'2022-08-06 00:57:39','2022-08-06 00:57:39'),(0000001967,68547,'Piedecuesta',37,'2022-08-06 00:57:39','2022-08-06 00:57:39'),(0000001968,68549,'Pinchote',37,'2022-08-06 00:57:39','2022-08-06 00:57:39'),(0000001969,68572,'Puente Nacional',37,'2022-08-06 00:57:39','2022-08-06 00:57:39'),(0000001970,68615,'Rionegro',37,'2022-08-06 00:57:39','2022-08-06 00:57:39'),(0000001971,68669,'San Andrés',37,'2022-08-06 00:57:39','2022-08-06 00:57:39'),(0000001972,68679,'San Gil',37,'2022-08-06 00:57:39','2022-08-06 00:57:39'),(0000001973,68682,'San Joaquín',37,'2022-08-06 00:57:39','2022-08-06 00:57:39'),(0000001974,68686,'San Miguel',37,'2022-08-06 00:57:39','2022-08-06 00:57:39'),(0000001975,68705,'Santa Bárbara',37,'2022-08-06 00:57:39','2022-08-06 00:57:39'),(0000001976,68745,'Simacota',37,'2022-08-06 00:57:39','2022-08-06 00:57:39'),(0000001977,68755,'Socorro',37,'2022-08-06 00:57:39','2022-08-06 00:57:39'),(0000001978,6877,'Suaita',37,'2022-08-06 00:57:39','2022-08-06 00:57:39'),(0000001979,68773,'Sucre',37,'2022-08-06 00:57:39','2022-08-06 00:57:39'),(0000001980,6878,'Suratá',37,'2022-08-06 00:57:39','2022-08-06 00:57:39'),(0000001981,6882,'Tona',37,'2022-08-06 00:57:39','2022-08-06 00:57:39'),(0000001982,68861,'Vélez',37,'2022-08-06 00:57:39','2022-08-06 00:57:39'),(0000001983,68867,'Vetas',37,'2022-08-06 00:57:39','2022-08-06 00:57:39'),(0000001984,68872,'Villanueva',37,'2022-08-06 00:57:39','2022-08-06 00:57:39'),(0000001985,68895,'Zapatoca',37,'2022-08-06 00:57:39','2022-08-06 00:57:39'),(0000001986,68524,'Palmas del Socorro',37,'2022-08-06 00:57:39','2022-08-06 00:57:39'),(0000001987,68689,'San Vicente de Chucurí',37,'2022-08-06 00:57:39','2022-08-06 00:57:39'),(0000001988,68684,'San José de Miranda',37,'2022-08-06 00:57:39','2022-08-06 00:57:39'),(0000001989,6872,'Santa Helena del Opón',37,'2022-08-06 00:57:39','2022-08-06 00:57:39'),(0000001990,68655,'Sabana de Torres',37,'2022-08-06 00:57:39','2022-08-06 00:57:39'),(0000001991,68235,'El Carmen de Chucurí',37,'2022-08-06 00:57:39','2022-08-06 00:57:39'),(0000001992,68855,'Valle de San José',37,'2022-08-06 00:57:39','2022-08-06 00:57:39'),(0000001993,68673,'San Benito',37,'2022-08-06 00:57:39','2022-08-06 00:57:39'),(0000001994,68344,'Hato',37,'2022-08-06 00:57:39','2022-08-06 00:57:39'),(0000001995,68176,'Chimá',37,'2022-08-06 00:57:39','2022-08-06 00:57:39'),(0000001996,68147,'Capitanejo',37,'2022-08-06 00:57:39','2022-08-06 00:57:39'),(0000001997,6825,'El Peñón',37,'2022-08-06 00:57:39','2022-08-06 00:57:39'),(0000001998,70001,'Sincelejo',38,'2022-08-06 00:57:39','2022-08-06 00:57:39'),(0000001999,7011,'Buenavista',38,'2022-08-06 00:57:39','2022-08-06 00:57:39'),(0000002000,70124,'Caimito',38,'2022-08-06 00:57:39','2022-08-06 00:57:39'),(0000002001,70204,'Coloso',38,'2022-08-06 00:57:39','2022-08-06 00:57:39'),(0000002002,70221,'Coveñas',38,'2022-08-06 00:57:39','2022-08-06 00:57:39'),(0000002003,7023,'Chalán',38,'2022-08-06 00:57:39','2022-08-06 00:57:39'),(0000002004,70233,'El Roble',38,'2022-08-06 00:57:39','2022-08-06 00:57:39'),(0000002005,70235,'Galeras',38,'2022-08-06 00:57:39','2022-08-06 00:57:39'),(0000002006,70265,'Guaranda',38,'2022-08-06 00:57:39','2022-08-06 00:57:39'),(0000002007,704,'La Unión',38,'2022-08-06 00:57:39','2022-08-06 00:57:39'),(0000002008,70418,'Los Palmitos',38,'2022-08-06 00:57:39','2022-08-06 00:57:39'),(0000002009,70429,'Majagual',38,'2022-08-06 00:57:39','2022-08-06 00:57:39'),(0000002010,70473,'Morroa',38,'2022-08-06 00:57:39','2022-08-06 00:57:39'),(0000002011,70508,'Ovejas',38,'2022-08-06 00:57:39','2022-08-06 00:57:39'),(0000002012,70523,'Palmito',38,'2022-08-06 00:57:39','2022-08-06 00:57:39'),(0000002013,70678,'San Benito Abad',38,'2022-08-06 00:57:39','2022-08-06 00:57:39'),(0000002014,70708,'San Marcos',38,'2022-08-06 00:57:39','2022-08-06 00:57:39'),(0000002015,70713,'San Onofre',38,'2022-08-06 00:57:39','2022-08-06 00:57:39'),(0000002016,70717,'San Pedro',38,'2022-08-06 00:57:39','2022-08-06 00:57:39'),(0000002017,70771,'Sucre',38,'2022-08-06 00:57:39','2022-08-06 00:57:39'),(0000002018,70823,'Tolú Viejo',38,'2022-08-06 00:57:39','2022-08-06 00:57:39'),(0000002019,70742,'San Luis de Sincé',38,'2022-08-06 00:57:39','2022-08-06 00:57:39'),(0000002020,70702,'San Juan de Betulia',38,'2022-08-06 00:57:39','2022-08-06 00:57:39'),(0000002021,7082,'Santiago de Tolú',38,'2022-08-06 00:57:39','2022-08-06 00:57:39'),(0000002022,7067,'Sampués',38,'2022-08-06 00:57:39','2022-08-06 00:57:39'),(0000002023,70215,'Corozal',38,'2022-08-06 00:57:39','2022-08-06 00:57:39'),(0000002024,73024,'Alpujarra',39,'2022-08-06 00:57:39','2022-08-06 00:57:39'),(0000002025,73026,'Alvarado',39,'2022-08-06 00:57:39','2022-08-06 00:57:39'),(0000002026,7303,'Ambalema',39,'2022-08-06 00:57:39','2022-08-06 00:57:39'),(0000002027,73055,'Armero',39,'2022-08-06 00:57:39','2022-08-06 00:57:39'),(0000002028,73067,'Ataco',39,'2022-08-06 00:57:39','2022-08-06 00:57:39'),(0000002029,73124,'Cajamarca',39,'2022-08-06 00:57:39','2022-08-06 00:57:39'),(0000002030,73168,'Chaparral',39,'2022-08-06 00:57:39','2022-08-06 00:57:39'),(0000002031,732,'Coello',39,'2022-08-06 00:57:39','2022-08-06 00:57:39'),(0000002032,73217,'Coyaima',39,'2022-08-06 00:57:39','2022-08-06 00:57:39'),(0000002033,73226,'Cunday',39,'2022-08-06 00:57:39','2022-08-06 00:57:39'),(0000002034,73236,'Dolores',39,'2022-08-06 00:57:39','2022-08-06 00:57:39'),(0000002035,73268,'Espinal',39,'2022-08-06 00:57:39','2022-08-06 00:57:39'),(0000002036,7327,'Falan',39,'2022-08-06 00:57:39','2022-08-06 00:57:39'),(0000002037,73275,'Flandes',39,'2022-08-06 00:57:39','2022-08-06 00:57:39'),(0000002038,73283,'Fresno',39,'2022-08-06 00:57:39','2022-08-06 00:57:39'),(0000002039,73319,'Guamo',39,'2022-08-06 00:57:39','2022-08-06 00:57:39'),(0000002040,73347,'Herveo',39,'2022-08-06 00:57:39','2022-08-06 00:57:39'),(0000002041,73349,'Honda',39,'2022-08-06 00:57:39','2022-08-06 00:57:39'),(0000002042,73352,'Icononzo',39,'2022-08-06 00:57:39','2022-08-06 00:57:39'),(0000002043,73443,'Mariquita',39,'2022-08-06 00:57:39','2022-08-06 00:57:39'),(0000002044,73449,'Melgar',39,'2022-08-06 00:57:39','2022-08-06 00:57:39'),(0000002045,73461,'Murillo',39,'2022-08-06 00:57:39','2022-08-06 00:57:39'),(0000002046,73483,'Natagaima',39,'2022-08-06 00:57:39','2022-08-06 00:57:39'),(0000002047,73504,'Ortega',39,'2022-08-06 00:57:39','2022-08-06 00:57:39'),(0000002048,7352,'Palocabildo',39,'2022-08-06 00:57:39','2022-08-06 00:57:39'),(0000002049,73547,'Piedras',39,'2022-08-06 00:57:39','2022-08-06 00:57:39'),(0000002050,73555,'Planadas',39,'2022-08-06 00:57:39','2022-08-06 00:57:39'),(0000002051,73563,'Prado',39,'2022-08-06 00:57:39','2022-08-06 00:57:39'),(0000002052,73585,'Purificación',39,'2022-08-06 00:57:39','2022-08-06 00:57:39'),(0000002053,73616,'Rio Blanco',39,'2022-08-06 00:57:39','2022-08-06 00:57:39'),(0000002054,73622,'Roncesvalles',39,'2022-08-06 00:57:39','2022-08-06 00:57:39'),(0000002055,73624,'Rovira',39,'2022-08-06 00:57:39','2022-08-06 00:57:39'),(0000002056,73671,'Saldaña',39,'2022-08-06 00:57:39','2022-08-06 00:57:39'),(0000002057,73686,'Santa Isabel',39,'2022-08-06 00:57:39','2022-08-06 00:57:39'),(0000002058,73861,'Venadillo',39,'2022-08-06 00:57:39','2022-08-06 00:57:39'),(0000002059,7387,'Villahermosa',39,'2022-08-06 00:57:39','2022-08-06 00:57:39'),(0000002060,73873,'Villarrica',39,'2022-08-06 00:57:39','2022-08-06 00:57:39'),(0000002061,73854,'Valle de San Juan',39,'2022-08-06 00:57:39','2022-08-06 00:57:39'),(0000002062,73148,'Carmen de Apicala',39,'2022-08-06 00:57:39','2022-08-06 00:57:39'),(0000002063,73678,'San Luis',39,'2022-08-06 00:57:39','2022-08-06 00:57:39'),(0000002064,73675,'San Antonio',39,'2022-08-06 00:57:39','2022-08-06 00:57:39'),(0000002065,73152,'Casabianca',39,'2022-08-06 00:57:39','2022-08-06 00:57:39'),(0000002066,73043,'Anzoátegui',39,'2022-08-06 00:57:39','2022-08-06 00:57:39'),(0000002067,73001,'Ibagué',39,'2022-08-06 00:57:39','2022-08-06 00:57:39'),(0000002068,73411,'Líbano',39,'2022-08-06 00:57:39','2022-08-06 00:57:39'),(0000002069,73408,'Lérida',39,'2022-08-06 00:57:39','2022-08-06 00:57:39'),(0000002070,7377,'Suárez',39,'2022-08-06 00:57:39','2022-08-06 00:57:39'),(0000002071,7625,'El Dovio',40,'2022-08-06 00:57:39','2022-08-06 00:57:39'),(0000002072,76622,'Roldanillo',40,'2022-08-06 00:57:39','2022-08-06 00:57:39'),(0000002073,76054,'Argelia',40,'2022-08-06 00:57:39','2022-08-06 00:57:39'),(0000002074,76736,'Sevilla',40,'2022-08-06 00:57:39','2022-08-06 00:57:39'),(0000002075,76895,'Zarzal',40,'2022-08-06 00:57:39','2022-08-06 00:57:39'),(0000002076,76248,'El Cerrito',40,'2022-08-06 00:57:39','2022-08-06 00:57:39'),(0000002077,76147,'Cartago',40,'2022-08-06 00:57:39','2022-08-06 00:57:39'),(0000002078,76122,'Caicedonia',40,'2022-08-06 00:57:39','2022-08-06 00:57:39'),(0000002079,76246,'El Cairo',40,'2022-08-06 00:57:39','2022-08-06 00:57:39'),(0000002080,764,'La Unión',40,'2022-08-06 00:57:39','2022-08-06 00:57:39'),(0000002081,76606,'Restrepo',40,'2022-08-06 00:57:39','2022-08-06 00:57:39'),(0000002082,76233,'Dagua',40,'2022-08-06 00:57:39','2022-08-06 00:57:39'),(0000002083,76318,'Guacarí',40,'2022-08-06 00:57:39','2022-08-06 00:57:39'),(0000002084,76041,'Ansermanuevo',40,'2022-08-06 00:57:39','2022-08-06 00:57:39'),(0000002085,76113,'Bugalagrande',40,'2022-08-06 00:57:39','2022-08-06 00:57:39'),(0000002086,76403,'La Victoria',40,'2022-08-06 00:57:39','2022-08-06 00:57:39'),(0000002087,76306,'Ginebra',40,'2022-08-06 00:57:39','2022-08-06 00:57:39'),(0000002088,76892,'Yumbo',40,'2022-08-06 00:57:39','2022-08-06 00:57:39'),(0000002089,76497,'Obando',40,'2022-08-06 00:57:39','2022-08-06 00:57:39'),(0000002090,761,'Bolívar',40,'2022-08-06 00:57:39','2022-08-06 00:57:39'),(0000002091,76001,'Cali',40,'2022-08-06 00:57:39','2022-08-06 00:57:39'),(0000002092,7667,'San Pedro',40,'2022-08-06 00:57:39','2022-08-06 00:57:39'),(0000002093,76111,'Guadalajara de Buga',40,'2022-08-06 00:57:39','2022-08-06 00:57:39'),(0000002094,76126,'Calima',40,'2022-08-06 00:57:39','2022-08-06 00:57:39'),(0000002095,76036,'Andalucía',40,'2022-08-06 00:57:39','2022-08-06 00:57:39'),(0000002096,76563,'Pradera',40,'2022-08-06 00:57:39','2022-08-06 00:57:39'),(0000002097,7689,'Yotoco',40,'2022-08-06 00:57:39','2022-08-06 00:57:39'),(0000002098,7652,'Palmira',40,'2022-08-06 00:57:39','2022-08-06 00:57:39'),(0000002099,76616,'Riofrío',40,'2022-08-06 00:57:39','2022-08-06 00:57:39'),(0000002100,7602,'Alcalá',40,'2022-08-06 00:57:39','2022-08-06 00:57:39'),(0000002101,76863,'Versalles',40,'2022-08-06 00:57:39','2022-08-06 00:57:39'),(0000002102,76243,'El Águila',40,'2022-08-06 00:57:39','2022-08-06 00:57:39'),(0000002103,76823,'Toro',40,'2022-08-06 00:57:39','2022-08-06 00:57:39'),(0000002104,7613,'Candelaria',40,'2022-08-06 00:57:39','2022-08-06 00:57:39'),(0000002105,76377,'La Cumbre',40,'2022-08-06 00:57:39','2022-08-06 00:57:39'),(0000002106,76845,'Ulloa',40,'2022-08-06 00:57:39','2022-08-06 00:57:39'),(0000002107,76828,'Trujillo',40,'2022-08-06 00:57:39','2022-08-06 00:57:39'),(0000002108,76869,'Vijes',40,'2022-08-06 00:57:39','2022-08-06 00:57:39'),(0000002109,76834,'Tuluá',40,'2022-08-06 00:57:39','2022-08-06 00:57:39'),(0000002110,76275,'Florida',40,'2022-08-06 00:57:39','2022-08-06 00:57:39'),(0000002111,76364,'Jamundí',40,'2022-08-06 00:57:39','2022-08-06 00:57:39'),(0000002112,76109,'Buenaventura',40,'2022-08-06 00:57:39','2022-08-06 00:57:39'),(0000002113,97001,'Mitú',41,'2022-08-06 00:57:39','2022-08-06 00:57:39'),(0000002114,97161,'Carurú',41,'2022-08-06 00:57:40','2022-08-06 00:57:40'),(0000002115,97666,'Taraira',41,'2022-08-06 00:57:40','2022-08-06 00:57:40'),(0000002116,97777,'Papunahua',41,'2022-08-06 00:57:40','2022-08-06 00:57:40'),(0000002117,97889,'Yavaraté',41,'2022-08-06 00:57:40','2022-08-06 00:57:40'),(0000002118,97511,'Pacoa',41,'2022-08-06 00:57:40','2022-08-06 00:57:40'),(0000002119,99001,'Puerto Carreño',42,'2022-08-06 00:57:40','2022-08-06 00:57:40'),(0000002120,99524,'La Primavera',42,'2022-08-06 00:57:40','2022-08-06 00:57:40'),(0000002121,99624,'Santa Rosalía',42,'2022-08-06 00:57:40','2022-08-06 00:57:40'),(0000002122,99773,'Cumaribo',42,'2022-08-06 00:57:40','2022-08-06 00:57:40');
/*!40000 ALTER TABLE `towns` ENABLE KEYS */;
UNLOCK TABLES;

--
-- Table structure for table `types`
--

DROP TABLE IF EXISTS `types`;
/*!40101 SET @saved_cs_client     = @@character_set_client */;
/*!40101 SET character_set_client = utf8 */;
CREATE TABLE `types` (
  `id` int(10) unsigned zerofill NOT NULL,
  `name` varchar(45) NOT NULL,
  `created_date` timestamp NOT NULL DEFAULT CURRENT_TIMESTAMP,
  `updated_date` timestamp NOT NULL DEFAULT CURRENT_TIMESTAMP,
  PRIMARY KEY (`id`),
  UNIQUE KEY `type_UNIQUE` (`name`)
) ENGINE=InnoDB DEFAULT CHARSET=utf8mb4;
/*!40101 SET character_set_client = @saved_cs_client */;

--
-- Dumping data for table `types`
--

LOCK TABLES `types` WRITE;
/*!40000 ALTER TABLE `types` DISABLE KEYS */;
INSERT INTO `types` VALUES (0000000001,'Casa','2022-08-06 00:58:20','2022-08-06 00:58:20'),(0000000002,'Apartamento','2022-08-06 00:58:20','2022-08-06 00:58:20'),(0000000003,'Lote','2022-08-06 00:58:20','2022-08-06 00:58:20');
/*!40000 ALTER TABLE `types` ENABLE KEYS */;
UNLOCK TABLES;

--
-- Table structure for table `visibility`
--

DROP TABLE IF EXISTS `visibility`;
/*!40101 SET @saved_cs_client     = @@character_set_client */;
/*!40101 SET character_set_client = utf8 */;
CREATE TABLE `visibility` (
  `id` int(10) unsigned NOT NULL AUTO_INCREMENT,
  `name` varchar(45) NOT NULL,
  `created_date` timestamp NOT NULL DEFAULT CURRENT_TIMESTAMP,
  `updated_date` timestamp NOT NULL DEFAULT CURRENT_TIMESTAMP,
  PRIMARY KEY (`id`),
  UNIQUE KEY `visibility_UNIQUE` (`name`)
) ENGINE=InnoDB AUTO_INCREMENT=3 DEFAULT CHARSET=utf8mb4;
/*!40101 SET character_set_client = @saved_cs_client */;

--
-- Dumping data for table `visibility`
--

LOCK TABLES `visibility` WRITE;
/*!40000 ALTER TABLE `visibility` DISABLE KEYS */;
INSERT INTO `visibility` VALUES (1,'Privada','2022-08-06 00:58:39','2022-08-06 00:58:39'),(2,'Pública','2022-08-06 00:58:39','2022-08-06 00:58:39');
/*!40000 ALTER TABLE `visibility` ENABLE KEYS */;
UNLOCK TABLES;

--
-- Dumping routines for database 'housing_projects_db'
--
/*!40103 SET TIME_ZONE=@OLD_TIME_ZONE */;

/*!40101 SET SQL_MODE=@OLD_SQL_MODE */;
/*!40014 SET FOREIGN_KEY_CHECKS=@OLD_FOREIGN_KEY_CHECKS */;
/*!40014 SET UNIQUE_CHECKS=@OLD_UNIQUE_CHECKS */;
/*!40101 SET CHARACTER_SET_CLIENT=@OLD_CHARACTER_SET_CLIENT */;
/*!40101 SET CHARACTER_SET_RESULTS=@OLD_CHARACTER_SET_RESULTS */;
/*!40101 SET COLLATION_CONNECTION=@OLD_COLLATION_CONNECTION */;
/*!40111 SET SQL_NOTES=@OLD_SQL_NOTES */;

-- Dump completed on 2022-08-07 11:18:10
